nome_original;nome_novo;tipo;numero;orgao;cnpj;data;valor_principal;procedencia;estagio;score;confianca;caminho_original;caminho_novo;erro
SEDUC Contrato 23 - siged 01.05.016503.004228-2025-09 - Anexo.pdf;SEDUC-Contrato-23---siged-01.0_revisar_623c06.pdf;OUTRO;;;;;;P2-PARCIAL;ocrmypdf;0.72;0.0;C:\Users\gabri\Desktop\PROJETO_PRODAM\PRODAM_DOCS\SEDUC_CONSOLIDADO\01_CONTRATOS\SEDUC Contrato 23 - siged 01.05.016503.004228-2025-09 - Anexo.pdf;C:\Users\gabri\Desktop\DETRAN_AUDITORIA_COMPLETA\20_OCR_OUTPUT\pesquisaveis\PRODAM_OrgaosM_Z\SEDUC-Contrato-23---siged-01.0_revisar_623c06.pdf;
SEDUC Contrato 23 - siged 01.05.016503.004228-2025-09 completo.pdf;CONTRATO_0232021_SEDUC_2025-10-09_e21de6.pdf;CONTRATO;023/2021;SEDUC;03004228202509;2025-10-09;4362396.96;P1-DOC;nativo;1.0;1.0;C:\Users\gabri\Desktop\PROJETO_PRODAM\PRODAM_DOCS\SEDUC_CONSOLIDADO\01_CONTRATOS\SEDUC Contrato 23 - siged 01.05.016503.004228-2025-09 completo.pdf;C:\Users\gabri\Desktop\DETRAN_AUDITORIA_COMPLETA\20_OCR_OUTPUT\pesquisaveis\PRODAM_OrgaosM_Z\CONTRATO_0232021_SEDUC_2025-10-09_e21de6.pdf;
SEDUC Contrato 23 - siged 01.05.016503.004228-2025-09.pdf;CONTRATO_0232021_SEDUC_a2446d.pdf;CONTRATO;023/2021;SEDUC;03004228202509;;4.36;P2-PARCIAL;ocrmypdf;0.9;0.9;C:\Users\gabri\Desktop\PROJETO_PRODAM\PRODAM_DOCS\SEDUC_CONSOLIDADO\01_CONTRATOS\SEDUC Contrato 23 - siged 01.05.016503.004228-2025-09.pdf;C:\Users\gabri\Desktop\DETRAN_AUDITORIA_COMPLETA\20_OCR_OUTPUT\pesquisaveis\PRODAM_OrgaosM_Z\CONTRATO_0232021_SEDUC_a2446d.pdf;
01.05.016503.001283_2023_85_Relatorio.pdf;CONTRATO_SEDUC_2023-02-28_3f7567.pdf;CONTRATO;;SEDUC;;2023-02-28;;P1-DOC;nativo;1.0;0.65;C:\Users\gabri\Desktop\PROJETO_PRODAM\PRODAM_DOCS\SEDUC_CONSOLIDADO\05_ACEITES\01.05.016503.001283_2023_85_Relatorio.pdf;C:\Users\gabri\Desktop\DETRAN_AUDITORIA_COMPLETA\20_OCR_OUTPUT\pesquisaveis\PRODAM_OrgaosM_Z\CONTRATO_SEDUC_2023-02-28_3f7567.pdf;
relatorio SEDUC - Contartos 14 e 20 - SIGEAM.pdf;CONTRATO_142018_SEDUC_2025-11-24_f65f41.pdf;CONTRATO;14/2018;SEDUC;01038379202369;2025-11-24;;P1-DOC;nativo;1.0;1.0;C:\Users\gabri\Desktop\PROJETO_PRODAM\PRODAM_DOCS\SEDUC_CONSOLIDADO\05_ACEITES\relatorio SEDUC - Contartos 14 e 20 - SIGEAM.pdf;C:\Users\gabri\Desktop\DETRAN_AUDITORIA_COMPLETA\20_OCR_OUTPUT\pesquisaveis\PRODAM_OrgaosM_Z\CONTRATO_142018_SEDUC_2025-11-24_f65f41.pdf;
relatorio SEDUC - pendências Exercícios 2023 a 2025.pdf;CONTRATO_SEDUC_2023-01-01_37f00a.pdf;CONTRATO;;SEDUC;01026464202384;2023-01-01;;P1-DOC;nativo;1.0;0.8;C:\Users\gabri\Desktop\PROJETO_PRODAM\PRODAM_DOCS\SEDUC_CONSOLIDADO\05_ACEITES\relatorio SEDUC - pendências Exercícios 2023 a 2025.pdf;C:\Users\gabri\Desktop\DETRAN_AUDITORIA_COMPLETA\20_OCR_OUTPUT\pesquisaveis\PRODAM_OrgaosM_Z\CONTRATO_SEDUC_2023-01-01_37f00a.pdf;
01.01.028101.0006062024-64-OK.pdf;CONTRATO_232021_UEA_2023-12-28_8bb4ff.pdf;CONTRATO;23/2021;UEA;04407920000180;2023-12-28;1458649.43;P1-DOC;nativo;1.0;1.0;C:\Users\gabri\Desktop\PROJETO_PRODAM\PRODAM_DOCS\SEDUC_CONSOLIDADO\06_COBRANCAS\01.01.028101.0006062024-64-OK.pdf;C:\Users\gabri\Desktop\DETRAN_AUDITORIA_COMPLETA\20_OCR_OUTPUT\pesquisaveis\PRODAM_OrgaosM_Z\CONTRATO_232021_UEA_2023-12-28_8bb4ff.pdf;
01.01.028101.0201102023-26-OK.pdf;CONTRATO_232021_SEAP_1813-11-05_3ecb20.pdf;CONTRATO;23/2021;SEAP;04407920000180;1813-11-05;1449441.38;P1-DOC;nativo;1.0;1.0;C:\Users\gabri\Desktop\PROJETO_PRODAM\PRODAM_DOCS\SEDUC_CONSOLIDADO\06_COBRANCAS\01.01.028101.0201102023-26-OK.pdf;C:\Users\gabri\Desktop\DETRAN_AUDITORIA_COMPLETA\20_OCR_OUTPUT\pesquisaveis\PRODAM_OrgaosM_Z\CONTRATO_232021_SEAP_1813-11-05_3ecb20.pdf;
01.01.028101.0201102023-26-OK_parte001_pgs1-20.pdf;CONTRATO_232021_SEAP_2023-05-31_d1c4d9.pdf;CONTRATO;23/2021;SEAP;04407920000180;2023-05-31;1449441.38;P1-DOC;nativo;1.0;1.0;C:\Users\gabri\Desktop\PROJETO_PRODAM\PRODAM_DOCS\SEDUC_CONSOLIDADO\06_COBRANCAS\01.01.028101.0201102023-26-OK_parte001_pgs1-20.pdf;C:\Users\gabri\Desktop\DETRAN_AUDITORIA_COMPLETA\20_OCR_OUTPUT\pesquisaveis\PRODAM_OrgaosM_Z\CONTRATO_232021_SEAP_2023-05-31_d1c4d9.pdf;
01.01.028101.0201102023-26-OK_parte002_pgs21-40.pdf;OUTRO_SEAP_1813-11-05_79d7f1.pdf;OUTRO;;SEAP;99381410201648;1813-11-05;;P1-DOC;nativo;1.0;0.4;C:\Users\gabri\Desktop\PROJETO_PRODAM\PRODAM_DOCS\SEDUC_CONSOLIDADO\06_COBRANCAS\01.01.028101.0201102023-26-OK_parte002_pgs21-40.pdf;C:\Users\gabri\Desktop\DETRAN_AUDITORIA_COMPLETA\20_OCR_OUTPUT\pesquisaveis\PRODAM_OrgaosM_Z\OUTRO_SEAP_1813-11-05_79d7f1.pdf;
01.01.028101.0201102023-26-OK_parte003_pgs41-60.pdf;01.01.028101.0201102023-26-OK__revisar_8dfe7c.pdf;OUTRO;;;00773142851009;2023-05-15;;P1-DOC;nativo;1.0;0.25;C:\Users\gabri\Desktop\PROJETO_PRODAM\PRODAM_DOCS\SEDUC_CONSOLIDADO\06_COBRANCAS\01.01.028101.0201102023-26-OK_parte003_pgs41-60.pdf;C:\Users\gabri\Desktop\DETRAN_AUDITORIA_COMPLETA\20_OCR_OUTPUT\pesquisaveis\PRODAM_OrgaosM_Z\01.01.028101.0201102023-26-OK__revisar_8dfe7c.pdf;
01.01.028101.0201102023-26-OK_parte004_pgs61-80.pdf;01.01.028101.0201102023-26-OK__revisar_e6ae08.pdf;OUTRO;;;30424000003205;2023-04-24;;P1-DOC;nativo;1.0;0.25;C:\Users\gabri\Desktop\PROJETO_PRODAM\PRODAM_DOCS\SEDUC_CONSOLIDADO\06_COBRANCAS\01.01.028101.0201102023-26-OK_parte004_pgs61-80.pdf;C:\Users\gabri\Desktop\DETRAN_AUDITORIA_COMPLETA\20_OCR_OUTPUT\pesquisaveis\PRODAM_OrgaosM_Z\01.01.028101.0201102023-26-OK__revisar_e6ae08.pdf;
01.01.028101.0201102023-26-OK_parte005_pgs81-100.pdf;01.01.028101.0201102023-26-OK__revisar_647d11.pdf;OUTRO;;;;2023-05-04;;P1-DOC;nativo;1.0;0.1;C:\Users\gabri\Desktop\PROJETO_PRODAM\PRODAM_DOCS\SEDUC_CONSOLIDADO\06_COBRANCAS\01.01.028101.0201102023-26-OK_parte005_pgs81-100.pdf;C:\Users\gabri\Desktop\DETRAN_AUDITORIA_COMPLETA\20_OCR_OUTPUT\pesquisaveis\PRODAM_OrgaosM_Z\01.01.028101.0201102023-26-OK__revisar_647d11.pdf;
01.01.028101.0201102023-26-OK_parte006_pgs101-120.pdf;01.01.028101.0201102023-26-OK__revisar_0a1235.pdf;OUTRO;;;;2023-05-04;;P1-DOC;nativo;1.0;0.1;C:\Users\gabri\Desktop\PROJETO_PRODAM\PRODAM_DOCS\SEDUC_CONSOLIDADO\06_COBRANCAS\01.01.028101.0201102023-26-OK_parte006_pgs101-120.pdf;C:\Users\gabri\Desktop\DETRAN_AUDITORIA_COMPLETA\20_OCR_OUTPUT\pesquisaveis\PRODAM_OrgaosM_Z\01.01.028101.0201102023-26-OK__revisar_0a1235.pdf;
01.01.028101.0201102023-26-OK_parte007_pgs121-140.pdf;01.01.028101.0201102023-26-OK__revisar_9d06fb.pdf;OUTRO;;;89800514742144;2023-05-09;;P1-DOC;nativo;1.0;0.25;C:\Users\gabri\Desktop\PROJETO_PRODAM\PRODAM_DOCS\SEDUC_CONSOLIDADO\06_COBRANCAS\01.01.028101.0201102023-26-OK_parte007_pgs121-140.pdf;C:\Users\gabri\Desktop\DETRAN_AUDITORIA_COMPLETA\20_OCR_OUTPUT\pesquisaveis\PRODAM_OrgaosM_Z\01.01.028101.0201102023-26-OK__revisar_9d06fb.pdf;
01.01.028101.0201102023-26-OK_parte008_pgs141-160.pdf;01.01.028101.0201102023-26-OK__revisar_0d1bcd.pdf;OUTRO;;;89800411389188;2013-09-05;;P1-DOC;nativo;1.0;0.25;C:\Users\gabri\Desktop\PROJETO_PRODAM\PRODAM_DOCS\SEDUC_CONSOLIDADO\06_COBRANCAS\01.01.028101.0201102023-26-OK_parte008_pgs141-160.pdf;C:\Users\gabri\Desktop\DETRAN_AUDITORIA_COMPLETA\20_OCR_OUTPUT\pesquisaveis\PRODAM_OrgaosM_Z\01.01.028101.0201102023-26-OK__revisar_0d1bcd.pdf;
01.01.028101.0201102023-26-OK_parte009_pgs161-180.pdf;01.01.028101.0201102023-26-OK__revisar_1e2af5.pdf;OUTRO;;;;2005-01-05;;P1-DOC;nativo;1.0;0.1;C:\Users\gabri\Desktop\PROJETO_PRODAM\PRODAM_DOCS\SEDUC_CONSOLIDADO\06_COBRANCAS\01.01.028101.0201102023-26-OK_parte009_pgs161-180.pdf;C:\Users\gabri\Desktop\DETRAN_AUDITORIA_COMPLETA\20_OCR_OUTPUT\pesquisaveis\PRODAM_OrgaosM_Z\01.01.028101.0201102023-26-OK__revisar_1e2af5.pdf;
01.01.028101.0201102023-26-OK_parte010_pgs181-200.pdf;01.01.028101.0201102023-26-OK__revisar_32bfea.pdf;OUTRO;;;00865093145355;2012-11-23;;P1-DOC;nativo;1.0;0.25;C:\Users\gabri\Desktop\PROJETO_PRODAM\PRODAM_DOCS\SEDUC_CONSOLIDADO\06_COBRANCAS\01.01.028101.0201102023-26-OK_parte010_pgs181-200.pdf;C:\Users\gabri\Desktop\DETRAN_AUDITORIA_COMPLETA\20_OCR_OUTPUT\pesquisaveis\PRODAM_OrgaosM_Z\01.01.028101.0201102023-26-OK__revisar_32bfea.pdf;
01.01.028101.0201102023-26-OK_parte011_pgs201-220.pdf;01.01.028101.0201102023-26-OK__revisar_7008e0.pdf;OUTRO;;;00872085202910;2008-10-23;;P1-DOC;nativo;1.0;0.25;C:\Users\gabri\Desktop\PROJETO_PRODAM\PRODAM_DOCS\SEDUC_CONSOLIDADO\06_COBRANCAS\01.01.028101.0201102023-26-OK_parte011_pgs201-220.pdf;C:\Users\gabri\Desktop\DETRAN_AUDITORIA_COMPLETA\20_OCR_OUTPUT\pesquisaveis\PRODAM_OrgaosM_Z\01.01.028101.0201102023-26-OK__revisar_7008e0.pdf;
01.01.028101.0201102023-26-OK_parte012_pgs221-240.pdf;01.01.028101.0201102023-26-OK__revisar_786b03.pdf;OUTRO;;;00071085239706;2005-03-24;;P1-DOC;nativo;1.0;0.25;C:\Users\gabri\Desktop\PROJETO_PRODAM\PRODAM_DOCS\SEDUC_CONSOLIDADO\06_COBRANCAS\01.01.028101.0201102023-26-OK_parte012_pgs221-240.pdf;C:\Users\gabri\Desktop\DETRAN_AUDITORIA_COMPLETA\20_OCR_OUTPUT\pesquisaveis\PRODAM_OrgaosM_Z\01.01.028101.0201102023-26-OK__revisar_786b03.pdf;
01.01.028101.0201102023-26-OK_parte013_pgs241-260.pdf;01.01.028101.0201102023-26-OK__revisar_e8338d.pdf;OUTRO;;;89800200477298;2005-08-19;;P1-DOC;nativo;1.0;0.25;C:\Users\gabri\Desktop\PROJETO_PRODAM\PRODAM_DOCS\SEDUC_CONSOLIDADO\06_COBRANCAS\01.01.028101.0201102023-26-OK_parte013_pgs241-260.pdf;C:\Users\gabri\Desktop\DETRAN_AUDITORIA_COMPLETA\20_OCR_OUTPUT\pesquisaveis\PRODAM_OrgaosM_Z\01.01.028101.0201102023-26-OK__revisar_e8338d.pdf;
01.01.028101.0201102023-26-OK_parte014_pgs261-280.pdf;01.01.028101.0201102023-26-OK__revisar_c038f0.pdf;OUTRO;;;70280762261556;2011-06-22;;P1-DOC;nativo;1.0;0.25;C:\Users\gabri\Desktop\PROJETO_PRODAM\PRODAM_DOCS\SEDUC_CONSOLIDADO\06_COBRANCAS\01.01.028101.0201102023-26-OK_parte014_pgs261-280.pdf;C:\Users\gabri\Desktop\DETRAN_AUDITORIA_COMPLETA\20_OCR_OUTPUT\pesquisaveis\PRODAM_OrgaosM_Z\01.01.028101.0201102023-26-OK__revisar_c038f0.pdf;
01.01.028101.0201102023-26-OK_parte015_pgs281-300.pdf;01.01.028101.0201102023-26-OK__revisar_f16a08.pdf;OUTRO;;;89800386538052;2011-09-26;;P1-DOC;nativo;1.0;0.25;C:\Users\gabri\Desktop\PROJETO_PRODAM\PRODAM_DOCS\SEDUC_CONSOLIDADO\06_COBRANCAS\01.01.028101.0201102023-26-OK_parte015_pgs281-300.pdf;C:\Users\gabri\Desktop\DETRAN_AUDITORIA_COMPLETA\20_OCR_OUTPUT\pesquisaveis\PRODAM_OrgaosM_Z\01.01.028101.0201102023-26-OK__revisar_f16a08.pdf;
01.01.028101.0201102023-26-OK_parte016_pgs301-320.pdf;CONTRATO_SEDUC_2009-10-29_805604.pdf;CONTRATO;;SEDUC;89800282222965;2009-10-29;1449441.38;P1-DOC;nativo;1.0;0.8;C:\Users\gabri\Desktop\PROJETO_PRODAM\PRODAM_DOCS\SEDUC_CONSOLIDADO\06_COBRANCAS\01.01.028101.0201102023-26-OK_parte016_pgs301-320.pdf;C:\Users\gabri\Desktop\DETRAN_AUDITORIA_COMPLETA\20_OCR_OUTPUT\pesquisaveis\PRODAM_OrgaosM_Z\CONTRATO_SEDUC_2009-10-29_805604.pdf;
01.01.028101.0201102023-26-OK_parte017_pgs321-330.pdf;OUTRO_SEDUC_2023-07-18_b0e005.pdf;OUTRO;;SEDUC;04407920000180;2023-07-18;;P1-DOC;nativo;1.0;0.4;C:\Users\gabri\Desktop\PROJETO_PRODAM\PRODAM_DOCS\SEDUC_CONSOLIDADO\06_COBRANCAS\01.01.028101.0201102023-26-OK_parte017_pgs321-330.pdf;C:\Users\gabri\Desktop\DETRAN_AUDITORIA_COMPLETA\20_OCR_OUTPUT\pesquisaveis\PRODAM_OrgaosM_Z\OUTRO_SEDUC_2023-07-18_b0e005.pdf;
01.01.028101.0264642023-84-OK.pdf;CONTRATO_542017_SEDUC_2023-07-26_90c208.pdf;CONTRATO;54/2017;SEDUC;04407920000180;2023-07-26;2659.84;P1-DOC;nativo;1.0;1.0;C:\Users\gabri\Desktop\PROJETO_PRODAM\PRODAM_DOCS\SEDUC_CONSOLIDADO\06_COBRANCAS\01.01.028101.0264642023-84-OK.pdf;C:\Users\gabri\Desktop\DETRAN_AUDITORIA_COMPLETA\20_OCR_OUTPUT\pesquisaveis\PRODAM_OrgaosM_Z\CONTRATO_542017_SEDUC_2023-07-26_90c208.pdf;
01.01.028101.0383792023-69-OK.pdf;TA_232021_UEA_2023-11-01_821f98.pdf;TA;23/2021;UEA;04407920000180;2023-11-01;4376342.66;P1-DOC;nativo;1.0;1.0;C:\Users\gabri\Desktop\PROJETO_PRODAM\PRODAM_DOCS\SEDUC_CONSOLIDADO\06_COBRANCAS\01.01.028101.0383792023-69-OK.pdf;C:\Users\gabri\Desktop\DETRAN_AUDITORIA_COMPLETA\20_OCR_OUTPUT\pesquisaveis\PRODAM_OrgaosM_Z\TA_232021_UEA_2023-11-01_821f98.pdf;
01.01.028101.0387672024-20-OK.pdf;TA_202022_SEDUC_2024-10-31_89553b.pdf;TA;20/2022;SEDUC;04407920000180;2024-10-31;19963695.60;P1-DOC;nativo;1.0;1.0;C:\Users\gabri\Desktop\PROJETO_PRODAM\PRODAM_DOCS\SEDUC_CONSOLIDADO\06_COBRANCAS\01.01.028101.0387672024-20-OK.pdf;C:\Users\gabri\Desktop\DETRAN_AUDITORIA_COMPLETA\20_OCR_OUTPUT\pesquisaveis\PRODAM_OrgaosM_Z\TA_202022_SEDUC_2024-10-31_89553b.pdf;
01.01.028101.0409782024-23-OK.pdf;TA_22021_SEDUC_2024-01-02_286c51.pdf;TA;2/2021;SEDUC;04407920000180;2024-01-02;3552246.72;P1-DOC;nativo;1.0;1.0;C:\Users\gabri\Desktop\PROJETO_PRODAM\PRODAM_DOCS\SEDUC_CONSOLIDADO\06_COBRANCAS\01.01.028101.0409782024-23-OK.pdf;C:\Users\gabri\Desktop\DETRAN_AUDITORIA_COMPLETA\20_OCR_OUTPUT\pesquisaveis\PRODAM_OrgaosM_Z\TA_22021_SEDUC_2024-01-02_286c51.pdf;
01.01.028101.0410232023-02-OK.pdf;TA_232021_SEDUC_2023-11-30_751269.pdf;TA;23/2021;SEDUC;04407920000180;2023-11-30;4376342.66;P1-DOC;nativo;1.0;1.0;C:\Users\gabri\Desktop\PROJETO_PRODAM\PRODAM_DOCS\SEDUC_CONSOLIDADO\06_COBRANCAS\01.01.028101.0410232023-02-OK.pdf;C:\Users\gabri\Desktop\DETRAN_AUDITORIA_COMPLETA\20_OCR_OUTPUT\pesquisaveis\PRODAM_OrgaosM_Z\TA_232021_SEDUC_2023-11-30_751269.pdf;
01.01.028101.0412212024-57-OK.pdf;TA_232021_SEDUC_2025-09-12_c033d7.pdf;TA;23/2021;SEDUC;04407920000180;2025-09-12;13129027.99;P1-DOC;nativo;1.0;1.0;C:\Users\gabri\Desktop\PROJETO_PRODAM\PRODAM_DOCS\SEDUC_CONSOLIDADO\06_COBRANCAS\01.01.028101.0412212024-57-OK.pdf;C:\Users\gabri\Desktop\DETRAN_AUDITORIA_COMPLETA\20_OCR_OUTPUT\pesquisaveis\PRODAM_OrgaosM_Z\TA_232021_SEDUC_2025-09-12_c033d7.pdf;
01.01.028101.0412212024-57-OK_parte001_pgs1-20.pdf;TA_232021_SEDUC_2024-09-24_c45290.pdf;TA;23/2021;SEDUC;04407920000180;2024-09-24;13129027.99;P1-DOC;nativo;1.0;1.0;C:\Users\gabri\Desktop\PROJETO_PRODAM\PRODAM_DOCS\SEDUC_CONSOLIDADO\06_COBRANCAS\01.01.028101.0412212024-57-OK_parte001_pgs1-20.pdf;C:\Users\gabri\Desktop\DETRAN_AUDITORIA_COMPLETA\20_OCR_OUTPUT\pesquisaveis\PRODAM_OrgaosM_Z\TA_232021_SEDUC_2024-09-24_c45290.pdf;
01.01.028101.0412212024-57-OK_parte002_pgs21-40.pdf;01.01.028101.0412212024-57-OK__revisar_dc3e7b.pdf;OUTRO;;;;;;P1-DOC;nativo;1.0;0.0;C:\Users\gabri\Desktop\PROJETO_PRODAM\PRODAM_DOCS\SEDUC_CONSOLIDADO\06_COBRANCAS\01.01.028101.0412212024-57-OK_parte002_pgs21-40.pdf;C:\Users\gabri\Desktop\DETRAN_AUDITORIA_COMPLETA\20_OCR_OUTPUT\pesquisaveis\PRODAM_OrgaosM_Z\01.01.028101.0412212024-57-OK__revisar_dc3e7b.pdf;
01.01.028101.0412212024-57-OK_parte003_pgs41-60.pdf;01.01.028101.0412212024-57-OK__revisar_3fffe6.pdf;OUTRO;;;;;;P1-DOC;nativo;1.0;0.0;C:\Users\gabri\Desktop\PROJETO_PRODAM\PRODAM_DOCS\SEDUC_CONSOLIDADO\06_COBRANCAS\01.01.028101.0412212024-57-OK_parte003_pgs41-60.pdf;C:\Users\gabri\Desktop\DETRAN_AUDITORIA_COMPLETA\20_OCR_OUTPUT\pesquisaveis\PRODAM_OrgaosM_Z\01.01.028101.0412212024-57-OK__revisar_3fffe6.pdf;
01.01.028101.0412212024-57-OK_parte004_pgs61-80.pdf;CONTRATO_0232021_SEDUC_2024-11-13_48e9d1.pdf;CONTRATO;023/2021;SEDUC;04407920000180;2024-11-13;;P1-DOC;nativo;1.0;1.0;C:\Users\gabri\Desktop\PROJETO_PRODAM\PRODAM_DOCS\SEDUC_CONSOLIDADO\06_COBRANCAS\01.01.028101.0412212024-57-OK_parte004_pgs61-80.pdf;C:\Users\gabri\Desktop\DETRAN_AUDITORIA_COMPLETA\20_OCR_OUTPUT\pesquisaveis\PRODAM_OrgaosM_Z\CONTRATO_0232021_SEDUC_2024-11-13_48e9d1.pdf;
01.01.028101.0412212024-57-OK_parte005_pgs81-100.pdf;TA_122024_SEDUC_2024-12-26_2661e9.pdf;TA;12/2024;SEDUC;04407920000180;2024-12-26;1390799.16;P1-DOC;nativo;1.0;1.0;C:\Users\gabri\Desktop\PROJETO_PRODAM\PRODAM_DOCS\SEDUC_CONSOLIDADO\06_COBRANCAS\01.01.028101.0412212024-57-OK_parte005_pgs81-100.pdf;C:\Users\gabri\Desktop\DETRAN_AUDITORIA_COMPLETA\20_OCR_OUTPUT\pesquisaveis\PRODAM_OrgaosM_Z\TA_122024_SEDUC_2024-12-26_2661e9.pdf;
01.01.028101.0412212024-57-OK_parte006_pgs101-113.pdf;TA_092025_SEDUC_2025-09-12_f6c55b.pdf;TA;09/2025;SEDUC;04407920000180;2025-09-12;1463999.12;P1-DOC;nativo;1.0;1.0;C:\Users\gabri\Desktop\PROJETO_PRODAM\PRODAM_DOCS\SEDUC_CONSOLIDADO\06_COBRANCAS\01.01.028101.0412212024-57-OK_parte006_pgs101-113.pdf;C:\Users\gabri\Desktop\DETRAN_AUDITORIA_COMPLETA\20_OCR_OUTPUT\pesquisaveis\PRODAM_OrgaosM_Z\TA_092025_SEDUC_2025-09-12_f6c55b.pdf;
01.01.028101.0412252024-35-OK.pdf;TA_202022_SEDUC_2024-11-29_a8e6c3.pdf;TA;20/2022;SEDUC;04407920000180;2024-11-29;19963695.60;P1-DOC;nativo;1.0;1.0;C:\Users\gabri\Desktop\PROJETO_PRODAM\PRODAM_DOCS\SEDUC_CONSOLIDADO\06_COBRANCAS\01.01.028101.0412252024-35-OK.pdf;C:\Users\gabri\Desktop\DETRAN_AUDITORIA_COMPLETA\20_OCR_OUTPUT\pesquisaveis\PRODAM_OrgaosM_Z\TA_202022_SEDUC_2024-11-29_a8e6c3.pdf;
01.01.028101.0415792024-80-OK.pdf;TA_232021_SEDUC_2025-09-16_f7f96c.pdf;TA;23/2021;SEDUC;04407920000180;2025-09-16;13129027.99;P1-DOC;nativo;1.0;1.0;C:\Users\gabri\Desktop\PROJETO_PRODAM\PRODAM_DOCS\SEDUC_CONSOLIDADO\06_COBRANCAS\01.01.028101.0415792024-80-OK.pdf;C:\Users\gabri\Desktop\DETRAN_AUDITORIA_COMPLETA\20_OCR_OUTPUT\pesquisaveis\PRODAM_OrgaosM_Z\TA_232021_SEDUC_2025-09-16_f7f96c.pdf;
01.01.028101.0419082024-92-OK.pdf;TA_1036311_SEDUC_2024-12-06_a3cacc.pdf;TA;103/6311;SEDUC;04407920000180;2024-12-06;3552246.72;P1-DOC;nativo;1.0;1.0;C:\Users\gabri\Desktop\PROJETO_PRODAM\PRODAM_DOCS\SEDUC_CONSOLIDADO\06_COBRANCAS\01.01.028101.0419082024-92-OK.pdf;C:\Users\gabri\Desktop\DETRAN_AUDITORIA_COMPLETA\20_OCR_OUTPUT\pesquisaveis\PRODAM_OrgaosM_Z\TA_1036311_SEDUC_2024-12-06_a3cacc.pdf;
01.01.028101.0423882024-35-OK.pdf;TA_1016201_SEDUC_2025-01-09_8a2f66.pdf;TA;101/6201;SEDUC;04407920000180;2025-01-09;19963695.60;P1-DOC;nativo;1.0;1.0;C:\Users\gabri\Desktop\PROJETO_PRODAM\PRODAM_DOCS\SEDUC_CONSOLIDADO\06_COBRANCAS\01.01.028101.0423882024-35-OK.pdf;C:\Users\gabri\Desktop\DETRAN_AUDITORIA_COMPLETA\20_OCR_OUTPUT\pesquisaveis\PRODAM_OrgaosM_Z\TA_1016201_SEDUC_2025-01-09_8a2f66.pdf;
01.05.016503.000610-2025-43.pdf;CONTRATO_SEDUC_2025-02-12_f470e3.pdf;CONTRATO;;SEDUC;03000610202543;2025-02-12;;P1-DOC;nativo;1.0;0.8;C:\Users\gabri\Desktop\PROJETO_PRODAM\PRODAM_DOCS\SEDUC_CONSOLIDADO\06_COBRANCAS\01.05.016503.000610-2025-43.pdf;C:\Users\gabri\Desktop\DETRAN_AUDITORIA_COMPLETA\20_OCR_OUTPUT\pesquisaveis\PRODAM_OrgaosM_Z\CONTRATO_SEDUC_2025-02-12_f470e3.pdf;
01.05.016503.000610.2025-43.pdf;CONTRATO_SEDUC_2025-02-12_612e1b.pdf;CONTRATO;;SEDUC;03000610202543;2025-02-12;;P1-DOC;nativo;1.0;0.8;C:\Users\gabri\Desktop\PROJETO_PRODAM\PRODAM_DOCS\SEDUC_CONSOLIDADO\06_COBRANCAS\01.05.016503.000610.2025-43.pdf;C:\Users\gabri\Desktop\DETRAN_AUDITORIA_COMPLETA\20_OCR_OUTPUT\pesquisaveis\PRODAM_OrgaosM_Z\CONTRATO_SEDUC_2025-02-12_612e1b.pdf;
01.05.016503.000627_2024_10.pdf;CONTRATO_SEDUC_2024-02-28_50c0b2.pdf;CONTRATO;;SEDUC;03000627202410;2024-02-28;;P1-DOC;nativo;1.0;0.8;C:\Users\gabri\Desktop\PROJETO_PRODAM\PRODAM_DOCS\SEDUC_CONSOLIDADO\06_COBRANCAS\01.05.016503.000627_2024_10.pdf;C:\Users\gabri\Desktop\DETRAN_AUDITORIA_COMPLETA\20_OCR_OUTPUT\pesquisaveis\PRODAM_OrgaosM_Z\CONTRATO_SEDUC_2024-02-28_50c0b2.pdf;
01.05.016503.001093_2021_04.pdf;CONTRATO_SEDUC_2021-03-31_184bce.pdf;CONTRATO;;SEDUC;;2021-03-31;;P1-DOC;nativo;1.0;0.65;C:\Users\gabri\Desktop\PROJETO_PRODAM\PRODAM_DOCS\SEDUC_CONSOLIDADO\06_COBRANCAS\01.05.016503.001093_2021_04.pdf;C:\Users\gabri\Desktop\DETRAN_AUDITORIA_COMPLETA\20_OCR_OUTPUT\pesquisaveis\PRODAM_OrgaosM_Z\CONTRATO_SEDUC_2021-03-31_184bce.pdf;
01.05.016503.001283_2023_85 - COMPLETO.pdf;CONTRATO_142018_SEDUC_2023-05-17_d28879.pdf;CONTRATO;14/2018;SEDUC;03001283202385;2023-05-17;20160.40;P1-DOC;nativo;1.0;1.0;C:\Users\gabri\Desktop\PROJETO_PRODAM\PRODAM_DOCS\SEDUC_CONSOLIDADO\06_COBRANCAS\01.05.016503.001283_2023_85 - COMPLETO.pdf;C:\Users\gabri\Desktop\DETRAN_AUDITORIA_COMPLETA\20_OCR_OUTPUT\pesquisaveis\PRODAM_OrgaosM_Z\CONTRATO_142018_SEDUC_2023-05-17_d28879.pdf;
01.05.016503.001283_2023_85_Carta.pdf;01.05.016503.001283_2023_85_Ca_revisar_555a3b.pdf;OUTRO;;SEDUC;;;;P1-DOC;nativo;1.0;0.15;C:\Users\gabri\Desktop\PROJETO_PRODAM\PRODAM_DOCS\SEDUC_CONSOLIDADO\06_COBRANCAS\01.05.016503.001283_2023_85_Carta.pdf;C:\Users\gabri\Desktop\DETRAN_AUDITORIA_COMPLETA\20_OCR_OUTPUT\pesquisaveis\PRODAM_OrgaosM_Z\01.05.016503.001283_2023_85_Ca_revisar_555a3b.pdf;
01.05.016503.003675_2024_60 (SEDUC).pdf;CONTRATO_SEDUC_2024-10-30_900818.pdf;CONTRATO;;SEDUC;03003675202460;2024-10-30;;P1-DOC;nativo;1.0;0.8;C:\Users\gabri\Desktop\PROJETO_PRODAM\PRODAM_DOCS\SEDUC_CONSOLIDADO\06_COBRANCAS\01.05.016503.003675_2024_60 (SEDUC).pdf;C:\Users\gabri\Desktop\DETRAN_AUDITORIA_COMPLETA\20_OCR_OUTPUT\pesquisaveis\PRODAM_OrgaosM_Z\CONTRATO_SEDUC_2024-10-30_900818.pdf;
01.05.016503.004932.2025-61.pdf;CONTRATO_SEDUC_2025-11-27_b39a7e.pdf;CONTRATO;;SEDUC;03004932202561;2025-11-27;42120361.26;P1-DOC;nativo;1.0;0.8;C:\Users\gabri\Desktop\PROJETO_PRODAM\PRODAM_DOCS\SEDUC_CONSOLIDADO\06_COBRANCAS\01.05.016503.004932.2025-61.pdf;C:\Users\gabri\Desktop\DETRAN_AUDITORIA_COMPLETA\20_OCR_OUTPUT\pesquisaveis\PRODAM_OrgaosM_Z\CONTRATO_SEDUC_2025-11-27_b39a7e.pdf;
01.05.016503.005505_2020_96 RESP SEDUC 12.2020.pdf;01.05.016503.005505_2020_96-RE_revisar_b1826e.pdf;OUTRO;;;03005505202096;2020-12-03;;P1-DOC;nativo;1.0;0.25;C:\Users\gabri\Desktop\PROJETO_PRODAM\PRODAM_DOCS\SEDUC_CONSOLIDADO\06_COBRANCAS\01.05.016503.005505_2020_96 RESP SEDUC 12.2020.pdf;C:\Users\gabri\Desktop\DETRAN_AUDITORIA_COMPLETA\20_OCR_OUTPUT\pesquisaveis\PRODAM_OrgaosM_Z\01.05.016503.005505_2020_96-RE_revisar_b1826e.pdf;
017.SEDUC - PLANILHA.pdf;CONTRATO_SEDUC_2025-02-10_ba3083.pdf;CONTRATO;;SEDUC;01026464202384;2025-02-10;;P1-DOC;nativo;1.0;0.8;C:\Users\gabri\Desktop\PROJETO_PRODAM\PRODAM_DOCS\SEDUC_CONSOLIDADO\06_COBRANCAS\017.SEDUC - PLANILHA.pdf;C:\Users\gabri\Desktop\DETRAN_AUDITORIA_COMPLETA\20_OCR_OUTPUT\pesquisaveis\PRODAM_OrgaosM_Z\CONTRATO_SEDUC_2025-02-10_ba3083.pdf;
124.SEDUC- Inadimplência x Comprometimento Matrículas.pdf;CONTRATO_SEDUC_2025-11-27_92573a.pdf;CONTRATO;;SEDUC;03004932202561;2025-11-27;42120361.26;P1-DOC;nativo;1.0;0.8;C:\Users\gabri\Desktop\PROJETO_PRODAM\PRODAM_DOCS\SEDUC_CONSOLIDADO\06_COBRANCAS\124.SEDUC- Inadimplência x Comprometimento Matrículas.pdf;C:\Users\gabri\Desktop\DETRAN_AUDITORIA_COMPLETA\20_OCR_OUTPUT\pesquisaveis\PRODAM_OrgaosM_Z\CONTRATO_SEDUC_2025-11-27_92573a.pdf;
209.SEDUC- Inadimplência x Comprometimento Matrículas.pdf;OUTRO_SEDUC_11f4f0.pdf;OUTRO;;SEDUC;03005395202577;;48991760.36;P1-DOC;nativo;1.0;0.3;C:\Users\gabri\Desktop\PROJETO_PRODAM\PRODAM_DOCS\SEDUC_CONSOLIDADO\06_COBRANCAS\209.SEDUC- Inadimplência x Comprometimento Matrículas.pdf;C:\Users\gabri\Desktop\DETRAN_AUDITORIA_COMPLETA\20_OCR_OUTPUT\pesquisaveis\PRODAM_OrgaosM_Z\OUTRO_SEDUC_11f4f0.pdf;
Carta circular nº 03-2025-DAF-GEFIN.pdf;Carta-circular-nº-03-2025-DAF-_revisar_8a5995.pdf;OUTRO;;SEDUC;;;;P1-DOC;nativo;1.0;0.15;C:\Users\gabri\Desktop\PROJETO_PRODAM\PRODAM_DOCS\SEDUC_CONSOLIDADO\06_COBRANCAS\Carta circular nº 03-2025-DAF-GEFIN.pdf;C:\Users\gabri\Desktop\DETRAN_AUDITORIA_COMPLETA\20_OCR_OUTPUT\pesquisaveis\PRODAM_OrgaosM_Z\Carta-circular-nº-03-2025-DAF-_revisar_8a5995.pdf;
Carta cobrança FVO SEJEL SEDUC.pdf;Carta-cobrança-FVO-SEJEL-SEDUC_revisar_65fe98.pdf;OUTRO;;SEDUC;;;;P1-DOC;nativo;1.0;0.15;C:\Users\gabri\Desktop\PROJETO_PRODAM\PRODAM_DOCS\SEDUC_CONSOLIDADO\06_COBRANCAS\Carta cobrança FVO SEJEL SEDUC.pdf;C:\Users\gabri\Desktop\DETRAN_AUDITORIA_COMPLETA\20_OCR_OUTPUT\pesquisaveis\PRODAM_OrgaosM_Z\Carta-cobrança-FVO-SEJEL-SEDUC_revisar_65fe98.pdf;
Carta cobrança SEDUC.pdf;Carta-cobrança-SEDUC_revisar_c3b205.pdf;OUTRO;;SEDUC;;;;P1-DOC;nativo;1.0;0.15;C:\Users\gabri\Desktop\PROJETO_PRODAM\PRODAM_DOCS\SEDUC_CONSOLIDADO\06_COBRANCAS\Carta cobrança SEDUC.pdf;C:\Users\gabri\Desktop\DETRAN_AUDITORIA_COMPLETA\20_OCR_OUTPUT\pesquisaveis\PRODAM_OrgaosM_Z\Carta-cobrança-SEDUC_revisar_c3b205.pdf;
Carta cobrança SEDUC__70572591fa.pdf;Carta-cobrança-SEDUC__70572591_revisar_176216.pdf;OUTRO;;SEDUC;;;;P1-DOC;nativo;1.0;0.15;C:\Users\gabri\Desktop\PROJETO_PRODAM\PRODAM_DOCS\SEDUC_CONSOLIDADO\06_COBRANCAS\Carta cobrança SEDUC__70572591fa.pdf;C:\Users\gabri\Desktop\DETRAN_AUDITORIA_COMPLETA\20_OCR_OUTPUT\pesquisaveis\PRODAM_OrgaosM_Z\Carta-cobrança-SEDUC__70572591_revisar_176216.pdf;
Carta de cobrança.pdf;Carta-de-cobrança_revisar_e64ad8.pdf;OUTRO;;SEDUC;;;;P1-DOC;nativo;1.0;0.15;C:\Users\gabri\Desktop\PROJETO_PRODAM\PRODAM_DOCS\SEDUC_CONSOLIDADO\06_COBRANCAS\Carta de cobrança.pdf;C:\Users\gabri\Desktop\DETRAN_AUDITORIA_COMPLETA\20_OCR_OUTPUT\pesquisaveis\PRODAM_OrgaosM_Z\Carta-de-cobrança_revisar_e64ad8.pdf;
DP PRESI 017-2025-01.05.016503.000610-2025-43.pdf;CONTRATO_SEDUC_2025-02-12_1494ad.pdf;CONTRATO;;SEDUC;03000610202543;2025-02-12;;P1-DOC;nativo;1.0;0.8;C:\Users\gabri\Desktop\PROJETO_PRODAM\PRODAM_DOCS\SEDUC_CONSOLIDADO\06_COBRANCAS\DP PRESI 017-2025-01.05.016503.000610-2025-43.pdf;C:\Users\gabri\Desktop\DETRAN_AUDITORIA_COMPLETA\20_OCR_OUTPUT\pesquisaveis\PRODAM_OrgaosM_Z\CONTRATO_SEDUC_2025-02-12_1494ad.pdf;
faturas_devidas SEDUC - 2023 a 2025.pdf;CONTRATO_SEDUC_2023-01-01_94453b.pdf;CONTRATO;;SEDUC;01020110202326;2023-01-01;;P1-DOC;nativo;1.0;0.8;C:\Users\gabri\Desktop\PROJETO_PRODAM\PRODAM_DOCS\SEDUC_CONSOLIDADO\06_COBRANCAS\faturas_devidas SEDUC - 2023 a 2025.pdf;C:\Users\gabri\Desktop\DETRAN_AUDITORIA_COMPLETA\20_OCR_OUTPUT\pesquisaveis\PRODAM_OrgaosM_Z\CONTRATO_SEDUC_2023-01-01_94453b.pdf;
faturas_devidas.pdf;CONTRATO_SEDUC_2010-12-10_b9ce7f.pdf;CONTRATO;;SEDUC;;2010-12-10;;P1-DOC;nativo;1.0;0.65;C:\Users\gabri\Desktop\PROJETO_PRODAM\PRODAM_DOCS\SEDUC_CONSOLIDADO\06_COBRANCAS\faturas_devidas.pdf;C:\Users\gabri\Desktop\DETRAN_AUDITORIA_COMPLETA\20_OCR_OUTPUT\pesquisaveis\PRODAM_OrgaosM_Z\CONTRATO_SEDUC_2010-12-10_b9ce7f.pdf;
faturas_devidas__27d9e95a15.pdf;CONTRATO_SEDUC_2010-12-10_c231e4.pdf;CONTRATO;;SEDUC;01020110202326;2010-12-10;;P1-DOC;nativo;1.0;0.8;C:\Users\gabri\Desktop\PROJETO_PRODAM\PRODAM_DOCS\SEDUC_CONSOLIDADO\06_COBRANCAS\faturas_devidas__27d9e95a15.pdf;C:\Users\gabri\Desktop\DETRAN_AUDITORIA_COMPLETA\20_OCR_OUTPUT\pesquisaveis\PRODAM_OrgaosM_Z\CONTRATO_SEDUC_2010-12-10_c231e4.pdf;
faturas_devidas__2ca37c891b.pdf;CONTRATO_SEDUC_2025-06-30_4e6d93.pdf;CONTRATO;;SEDUC;01020110202326;2025-06-30;;P1-DOC;nativo;1.0;0.8;C:\Users\gabri\Desktop\PROJETO_PRODAM\PRODAM_DOCS\SEDUC_CONSOLIDADO\06_COBRANCAS\faturas_devidas__2ca37c891b.pdf;C:\Users\gabri\Desktop\DETRAN_AUDITORIA_COMPLETA\20_OCR_OUTPUT\pesquisaveis\PRODAM_OrgaosM_Z\CONTRATO_SEDUC_2025-06-30_4e6d93.pdf;
faturas_em_aberto FVO.pdf;CONTRATO_2015-05-22_2ddfad.pdf;CONTRATO;;;;2015-05-22;;P1-DOC;nativo;1.0;0.5;C:\Users\gabri\Desktop\PROJETO_PRODAM\PRODAM_DOCS\SEDUC_CONSOLIDADO\06_COBRANCAS\faturas_em_aberto FVO.pdf;C:\Users\gabri\Desktop\DETRAN_AUDITORIA_COMPLETA\20_OCR_OUTPUT\pesquisaveis\PRODAM_OrgaosM_Z\CONTRATO_2015-05-22_2ddfad.pdf;
faturas_em_aberto SEDUC.pdf;CONTRATO_SEDUC_2019-12-31_ac0391.pdf;CONTRATO;;SEDUC;;2019-12-31;;P1-DOC;nativo;1.0;0.65;C:\Users\gabri\Desktop\PROJETO_PRODAM\PRODAM_DOCS\SEDUC_CONSOLIDADO\06_COBRANCAS\faturas_em_aberto SEDUC.pdf;C:\Users\gabri\Desktop\DETRAN_AUDITORIA_COMPLETA\20_OCR_OUTPUT\pesquisaveis\PRODAM_OrgaosM_Z\CONTRATO_SEDUC_2019-12-31_ac0391.pdf;
faturas_em_aberto SEDUC__9cf3bb32aa.pdf;CONTRATO_SEDUC_2015-04-01_a6a185.pdf;CONTRATO;;SEDUC;;2015-04-01;;P1-DOC;nativo;1.0;0.65;C:\Users\gabri\Desktop\PROJETO_PRODAM\PRODAM_DOCS\SEDUC_CONSOLIDADO\06_COBRANCAS\faturas_em_aberto SEDUC__9cf3bb32aa.pdf;C:\Users\gabri\Desktop\DETRAN_AUDITORIA_COMPLETA\20_OCR_OUTPUT\pesquisaveis\PRODAM_OrgaosM_Z\CONTRATO_SEDUC_2015-04-01_a6a185.pdf;
faturas_em_aberto SEJEL.pdf;CONTRATO_2015-11-17_a22774.pdf;CONTRATO;;;;2015-11-17;;P1-DOC;nativo;1.0;0.5;C:\Users\gabri\Desktop\PROJETO_PRODAM\PRODAM_DOCS\SEDUC_CONSOLIDADO\06_COBRANCAS\faturas_em_aberto SEJEL.pdf;C:\Users\gabri\Desktop\DETRAN_AUDITORIA_COMPLETA\20_OCR_OUTPUT\pesquisaveis\PRODAM_OrgaosM_Z\CONTRATO_2015-11-17_a22774.pdf;
faturas_em_aberto.pdf;CONTRATO_SEDUC_2021-05-31_e5985a.pdf;CONTRATO;;SEDUC;;2021-05-31;;P1-DOC;nativo;1.0;0.65;C:\Users\gabri\Desktop\PROJETO_PRODAM\PRODAM_DOCS\SEDUC_CONSOLIDADO\06_COBRANCAS\faturas_em_aberto.pdf;C:\Users\gabri\Desktop\DETRAN_AUDITORIA_COMPLETA\20_OCR_OUTPUT\pesquisaveis\PRODAM_OrgaosM_Z\CONTRATO_SEDUC_2021-05-31_e5985a.pdf;
faturas_em_aberto__859468f6fa.pdf;CONTRATO_SEDUC_2023-01-01_10d5e7.pdf;CONTRATO;;SEDUC;01020110202326;2023-01-01;;P1-DOC;nativo;1.0;0.8;C:\Users\gabri\Desktop\PROJETO_PRODAM\PRODAM_DOCS\SEDUC_CONSOLIDADO\06_COBRANCAS\faturas_em_aberto__859468f6fa.pdf;C:\Users\gabri\Desktop\DETRAN_AUDITORIA_COMPLETA\20_OCR_OUTPUT\pesquisaveis\PRODAM_OrgaosM_Z\CONTRATO_SEDUC_2023-01-01_10d5e7.pdf;
PRESI 211 - SEDUC - siged 01.05.016503.005461-2025-09.pdf;OUTRO_SEDUC_c85407.pdf;OUTRO;;SEDUC;03005461202509;;48991760.36;P1-DOC;nativo;1.0;0.3;C:\Users\gabri\Desktop\PROJETO_PRODAM\PRODAM_DOCS\SEDUC_CONSOLIDADO\06_COBRANCAS\PRESI 211 - SEDUC - siged 01.05.016503.005461-2025-09.pdf;C:\Users\gabri\Desktop\DETRAN_AUDITORIA_COMPLETA\20_OCR_OUTPUT\pesquisaveis\PRODAM_OrgaosM_Z\OUTRO_SEDUC_c85407.pdf;
Protocolo-01.05.016503.004747_2025-77.pdf;CONTRATO_SEDUC_2025-11-13_4aaf92.pdf;CONTRATO;;SEDUC;03004747202577;2025-11-13;;P1-DOC;nativo;1.0;0.8;C:\Users\gabri\Desktop\PROJETO_PRODAM\PRODAM_DOCS\SEDUC_CONSOLIDADO\06_COBRANCAS\Protocolo-01.05.016503.004747_2025-77.pdf;C:\Users\gabri\Desktop\DETRAN_AUDITORIA_COMPLETA\20_OCR_OUTPUT\pesquisaveis\PRODAM_OrgaosM_Z\CONTRATO_SEDUC_2025-11-13_4aaf92.pdf;
Resposta SEDUC SPW 1003.pdf;OFICIO_3162020_SEDUC_2019-01-18_ffbf1c.pdf;OFICIO;316/2020;SEDUC;04407920000180;2019-01-18;;P2-PARCIAL;ocrmypdf;0.8;1.0;C:\Users\gabri\Desktop\PROJETO_PRODAM\PRODAM_DOCS\SEDUC_CONSOLIDADO\06_COBRANCAS\Resposta SEDUC SPW 1003.pdf;C:\Users\gabri\Desktop\DETRAN_AUDITORIA_COMPLETA\20_OCR_OUTPUT\pesquisaveis\PRODAM_OrgaosM_Z\OFICIO_3162020_SEDUC_2019-01-18_ffbf1c.pdf;
SEDUC - 01.05.016503.005461-2025-09 - atualizado até 26.02.2026.pdf;CONTRATO_SEDUC_2026-01-05_b5385a.pdf;CONTRATO;;SEDUC;03005461202509;2026-01-05;48991760.36;P1-DOC;nativo;1.0;0.8;C:\Users\gabri\Desktop\PROJETO_PRODAM\PRODAM_DOCS\SEDUC_CONSOLIDADO\06_COBRANCAS\SEDUC - 01.05.016503.005461-2025-09 - atualizado até 26.02.2026.pdf;C:\Users\gabri\Desktop\DETRAN_AUDITORIA_COMPLETA\20_OCR_OUTPUT\pesquisaveis\PRODAM_OrgaosM_Z\CONTRATO_SEDUC_2026-01-05_b5385a.pdf;
SEDUC - Faturas Devidas 2023 a 2025.pdf;CONTRATO_SEDUC_2023-01-01_ce8b90.pdf;CONTRATO;;SEDUC;01026464202384;2023-01-01;;P1-DOC;nativo;1.0;0.8;C:\Users\gabri\Desktop\PROJETO_PRODAM\PRODAM_DOCS\SEDUC_CONSOLIDADO\06_COBRANCAS\SEDUC - Faturas Devidas 2023 a 2025.pdf;C:\Users\gabri\Desktop\DETRAN_AUDITORIA_COMPLETA\20_OCR_OUTPUT\pesquisaveis\PRODAM_OrgaosM_Z\CONTRATO_SEDUC_2023-01-01_ce8b90.pdf;
SEDUC - Faturas em aberto 2023 a 2025.pdf;CONTRATO_SEDUC_2023-01-01_28221c.pdf;CONTRATO;;SEDUC;01026464202384;2023-01-01;;P1-DOC;nativo;1.0;0.8;C:\Users\gabri\Desktop\PROJETO_PRODAM\PRODAM_DOCS\SEDUC_CONSOLIDADO\06_COBRANCAS\SEDUC - Faturas em aberto 2023 a 2025.pdf;C:\Users\gabri\Desktop\DETRAN_AUDITORIA_COMPLETA\20_OCR_OUTPUT\pesquisaveis\PRODAM_OrgaosM_Z\CONTRATO_SEDUC_2023-01-01_28221c.pdf;
12482-2025-40.pdf;TA_1016201_SEDUC_5202-20-40_a3eb22.pdf;TA;101/6201;SEDUC;04407920000180;5202-20-40;22628440.80;P1-DOC;nativo;1.0;1.0;C:\Users\gabri\Desktop\PROJETO_PRODAM\PRODAM_DOCS\SEDUC_CONSOLIDADO\08_PDFS_ORIGINAIS\12482-2025-40.pdf;C:\Users\gabri\Desktop\DETRAN_AUDITORIA_COMPLETA\20_OCR_OUTPUT\pesquisaveis\PRODAM_OrgaosM_Z\TA_1016201_SEDUC_5202-20-40_a3eb22.pdf;
12484-2025-30.pdf;TA_202022_SEDUC_2024-09-24_9e024c.pdf;TA;20/2022;SEDUC;04407920000180;2024-09-24;19963695.60;P1-DOC;nativo;1.0;1.0;C:\Users\gabri\Desktop\PROJETO_PRODAM\PRODAM_DOCS\SEDUC_CONSOLIDADO\08_PDFS_ORIGINAIS\12484-2025-30.pdf;C:\Users\gabri\Desktop\DETRAN_AUDITORIA_COMPLETA\20_OCR_OUTPUT\pesquisaveis\PRODAM_OrgaosM_Z\TA_202022_SEDUC_2024-09-24_9e024c.pdf;
16955-2025-89.pdf;TA_0516203_SEDUC_2025-03-31_139ebd.pdf;TA;051/6203;SEDUC;04407920000180;2025-03-31;19963695.60;P1-DOC;nativo;1.0;1.0;C:\Users\gabri\Desktop\PROJETO_PRODAM\PRODAM_DOCS\SEDUC_CONSOLIDADO\08_PDFS_ORIGINAIS\16955-2025-89.pdf;C:\Users\gabri\Desktop\DETRAN_AUDITORIA_COMPLETA\20_OCR_OUTPUT\pesquisaveis\PRODAM_OrgaosM_Z\TA_0516203_SEDUC_2025-03-31_139ebd.pdf;
16961-2025-36.pdf;TA_1016201_SEDUC_5202-20-71_d1d97d.pdf;TA;101/6201;SEDUC;04407920000180;5202-20-71;22628440.80;P1-DOC;nativo;1.0;1.0;C:\Users\gabri\Desktop\PROJETO_PRODAM\PRODAM_DOCS\SEDUC_CONSOLIDADO\08_PDFS_ORIGINAIS\16961-2025-36.pdf;C:\Users\gabri\Desktop\DETRAN_AUDITORIA_COMPLETA\20_OCR_OUTPUT\pesquisaveis\PRODAM_OrgaosM_Z\TA_1016201_SEDUC_5202-20-71_d1d97d.pdf;
23207-2025-52.pdf;TA_202022_TJAM_2025-04-09_4170a4.pdf;TA;20/2022;TJAM;04407920000180;2025-04-09;19963695.60;P1-DOC;nativo;1.0;1.0;C:\Users\gabri\Desktop\PROJETO_PRODAM\PRODAM_DOCS\SEDUC_CONSOLIDADO\08_PDFS_ORIGINAIS\23207-2025-52.pdf;C:\Users\gabri\Desktop\DETRAN_AUDITORIA_COMPLETA\20_OCR_OUTPUT\pesquisaveis\PRODAM_OrgaosM_Z\TA_202022_TJAM_2025-04-09_4170a4.pdf;
23209-2025-41.pdf;TA_142018_SEDUC_5202-20-31_3220f0.pdf;TA;14/2018;SEDUC;04407920000180;5202-20-31;22628440.80;P1-DOC;nativo;1.0;1.0;C:\Users\gabri\Desktop\PROJETO_PRODAM\PRODAM_DOCS\SEDUC_CONSOLIDADO\08_PDFS_ORIGINAIS\23209-2025-41.pdf;C:\Users\gabri\Desktop\DETRAN_AUDITORIA_COMPLETA\20_OCR_OUTPUT\pesquisaveis\PRODAM_OrgaosM_Z\TA_142018_SEDUC_5202-20-31_3220f0.pdf;
27181-2025-11.pdf;TA_062025_SEDUC_2025-06-02_088255.pdf;TA;06/2025;SEDUC;04407920000180;2025-06-02;22628440.80;P1-DOC;nativo;1.0;1.0;C:\Users\gabri\Desktop\PROJETO_PRODAM\PRODAM_DOCS\SEDUC_CONSOLIDADO\08_PDFS_ORIGINAIS\27181-2025-11.pdf;C:\Users\gabri\Desktop\DETRAN_AUDITORIA_COMPLETA\20_OCR_OUTPUT\pesquisaveis\PRODAM_OrgaosM_Z\TA_062025_SEDUC_2025-06-02_088255.pdf;
30310-2025-59.pdf;TA_202022_SEDUC_2025-01-02_75ceb7.pdf;TA;20/2022;SEDUC;04407920000180;2025-01-02;19963695.60;P1-DOC;nativo;1.0;1.0;C:\Users\gabri\Desktop\PROJETO_PRODAM\PRODAM_DOCS\SEDUC_CONSOLIDADO\08_PDFS_ORIGINAIS\30310-2025-59.pdf;C:\Users\gabri\Desktop\DETRAN_AUDITORIA_COMPLETA\20_OCR_OUTPUT\pesquisaveis\PRODAM_OrgaosM_Z\TA_202022_SEDUC_2025-01-02_75ceb7.pdf;
31008-2025-18.pdf;TA_072025_SEDUC_2025-07-01_698b10.pdf;TA;07/2025;SEDUC;04407920000180;2025-07-01;22628440.80;P1-DOC;nativo;1.0;1.0;C:\Users\gabri\Desktop\PROJETO_PRODAM\PRODAM_DOCS\SEDUC_CONSOLIDADO\08_PDFS_ORIGINAIS\31008-2025-18.pdf;C:\Users\gabri\Desktop\DETRAN_AUDITORIA_COMPLETA\20_OCR_OUTPUT\pesquisaveis\PRODAM_OrgaosM_Z\TA_072025_SEDUC_2025-07-01_698b10.pdf;
31017-2025-09.pdf;TA_202022_SEDUC_2025-03-17_bea7ee.pdf;TA;20/2022;SEDUC;04407920000180;2025-03-17;19963695.60;P1-DOC;nativo;1.0;1.0;C:\Users\gabri\Desktop\PROJETO_PRODAM\PRODAM_DOCS\SEDUC_CONSOLIDADO\08_PDFS_ORIGINAIS\31017-2025-09.pdf;C:\Users\gabri\Desktop\DETRAN_AUDITORIA_COMPLETA\20_OCR_OUTPUT\pesquisaveis\PRODAM_OrgaosM_Z\TA_202022_SEDUC_2025-03-17_bea7ee.pdf;
35635-2025-28.pdf;TA_082025_TJAM_5202-70-30_dca841.pdf;TA;08/2025;TJAM;04407920000180;5202-70-30;22628440.80;P1-DOC;nativo;1.0;1.0;C:\Users\gabri\Desktop\PROJETO_PRODAM\PRODAM_DOCS\SEDUC_CONSOLIDADO\08_PDFS_ORIGINAIS\35635-2025-28.pdf;C:\Users\gabri\Desktop\DETRAN_AUDITORIA_COMPLETA\20_OCR_OUTPUT\pesquisaveis\PRODAM_OrgaosM_Z\TA_082025_TJAM_5202-70-30_dca841.pdf;
36236-2025-84.pdf;TA_082025_TJAM_2025-08-08_9fe95b.pdf;TA;08/2025;TJAM;04407920000180;2025-08-08;19963695.60;P1-DOC;nativo;1.0;1.0;C:\Users\gabri\Desktop\PROJETO_PRODAM\PRODAM_DOCS\SEDUC_CONSOLIDADO\08_PDFS_ORIGINAIS\36236-2025-84.pdf;C:\Users\gabri\Desktop\DETRAN_AUDITORIA_COMPLETA\20_OCR_OUTPUT\pesquisaveis\PRODAM_OrgaosM_Z\TA_082025_TJAM_2025-08-08_9fe95b.pdf;
40458-2025-00.pdf;TA_142018_SEAP_5202-80-10_a66037.pdf;TA;14/2018;SEAP;04407920000180;5202-80-10;22628440.80;P1-DOC;nativo;1.0;1.0;C:\Users\gabri\Desktop\PROJETO_PRODAM\PRODAM_DOCS\SEDUC_CONSOLIDADO\08_PDFS_ORIGINAIS\40458-2025-00.pdf;C:\Users\gabri\Desktop\DETRAN_AUDITORIA_COMPLETA\20_OCR_OUTPUT\pesquisaveis\PRODAM_OrgaosM_Z\TA_142018_SEAP_5202-80-10_a66037.pdf;
42031-2025-38.pdf;TA_202022_TJAM_2025-01-02_431c48.pdf;TA;20/2022;TJAM;04407920000180;2025-01-02;19963695.60;P1-DOC;nativo;1.0;1.0;C:\Users\gabri\Desktop\PROJETO_PRODAM\PRODAM_DOCS\SEDUC_CONSOLIDADO\08_PDFS_ORIGINAIS\42031-2025-38.pdf;C:\Users\gabri\Desktop\DETRAN_AUDITORIA_COMPLETA\20_OCR_OUTPUT\pesquisaveis\PRODAM_OrgaosM_Z\TA_202022_TJAM_2025-01-02_431c48.pdf;
45663-2025-53.pdf;TA_202022_TJAM_2025-09-29_8dfe89.pdf;TA;20/2022;TJAM;04407920000180;2025-09-29;19963695.60;P1-DOC;nativo;1.0;1.0;C:\Users\gabri\Desktop\PROJETO_PRODAM\PRODAM_DOCS\SEDUC_CONSOLIDADO\08_PDFS_ORIGINAIS\45663-2025-53.pdf;C:\Users\gabri\Desktop\DETRAN_AUDITORIA_COMPLETA\20_OCR_OUTPUT\pesquisaveis\PRODAM_OrgaosM_Z\TA_202022_TJAM_2025-09-29_8dfe89.pdf;
45693-2025-60.pdf;TA_1056202_SEDUC_2025-10-17_01ad08.pdf;TA;105/6202;SEDUC;04407920000180;2025-10-17;5786497.50;P1-DOC;nativo;1.0;1.0;C:\Users\gabri\Desktop\PROJETO_PRODAM\PRODAM_DOCS\SEDUC_CONSOLIDADO\08_PDFS_ORIGINAIS\45693-2025-60.pdf;C:\Users\gabri\Desktop\DETRAN_AUDITORIA_COMPLETA\20_OCR_OUTPUT\pesquisaveis\PRODAM_OrgaosM_Z\TA_1056202_SEDUC_2025-10-17_01ad08.pdf;
45694-2025-04.pdf;TA_142018_TJAM_5202-80-80_2f73f7.pdf;TA;14/2018;TJAM;04407920000180;5202-80-80;22628440.80;P1-DOC;nativo;1.0;1.0;C:\Users\gabri\Desktop\PROJETO_PRODAM\PRODAM_DOCS\SEDUC_CONSOLIDADO\08_PDFS_ORIGINAIS\45694-2025-04.pdf;C:\Users\gabri\Desktop\DETRAN_AUDITORIA_COMPLETA\20_OCR_OUTPUT\pesquisaveis\PRODAM_OrgaosM_Z\TA_142018_TJAM_5202-80-80_2f73f7.pdf;
48621-2025-74.pdf;TA_232021_SEDUC_2025-01-02_d4b31c.pdf;TA;23/2021;SEDUC;04407920000180;2025-01-02;5786497.50;P1-DOC;nativo;1.0;1.0;C:\Users\gabri\Desktop\PROJETO_PRODAM\PRODAM_DOCS\SEDUC_CONSOLIDADO\08_PDFS_ORIGINAIS\48621-2025-74.pdf;C:\Users\gabri\Desktop\DETRAN_AUDITORIA_COMPLETA\20_OCR_OUTPUT\pesquisaveis\PRODAM_OrgaosM_Z\TA_232021_SEDUC_2025-01-02_d4b31c.pdf;
49046-2025-27.pdf;TA_0516203_SEDUC_2025-11-14_70a4e7.pdf;TA;051/6203;SEDUC;04407920000180;2025-11-14;19963695.60;P1-DOC;nativo;1.0;1.0;C:\Users\gabri\Desktop\PROJETO_PRODAM\PRODAM_DOCS\SEDUC_CONSOLIDADO\08_PDFS_ORIGINAIS\49046-2025-27.pdf;C:\Users\gabri\Desktop\DETRAN_AUDITORIA_COMPLETA\20_OCR_OUTPUT\pesquisaveis\PRODAM_OrgaosM_Z\TA_0516203_SEDUC_2025-11-14_70a4e7.pdf;
49050-2025-95.pdf;TA_142018_SEDUC_2024-01-02_6c49b7.pdf;TA;14/2018;SEDUC;04407920000180;2024-01-02;22628440.80;P1-DOC;nativo;1.0;1.0;C:\Users\gabri\Desktop\PROJETO_PRODAM\PRODAM_DOCS\SEDUC_CONSOLIDADO\08_PDFS_ORIGINAIS\49050-2025-95.pdf;C:\Users\gabri\Desktop\DETRAN_AUDITORIA_COMPLETA\20_OCR_OUTPUT\pesquisaveis\PRODAM_OrgaosM_Z\TA_142018_SEDUC_2024-01-02_6c49b7.pdf;
51661-2025-01.pdf;TA_232021_SEDUC_2025-11-17_07d70e.pdf;TA;23/2021;SEDUC;04407920000180;2025-11-17;5786497.50;P1-DOC;nativo;1.0;1.0;C:\Users\gabri\Desktop\PROJETO_PRODAM\PRODAM_DOCS\SEDUC_CONSOLIDADO\08_PDFS_ORIGINAIS\51661-2025-01.pdf;C:\Users\gabri\Desktop\DETRAN_AUDITORIA_COMPLETA\20_OCR_OUTPUT\pesquisaveis\PRODAM_OrgaosM_Z\TA_232021_SEDUC_2025-11-17_07d70e.pdf;
51840-2025-30.pdf;TA_142018_SEDUC_2025-12-12_1983a2.pdf;TA;14/2018;SEDUC;04407920000180;2025-12-12;22628440.80;P1-DOC;nativo;1.0;1.0;C:\Users\gabri\Desktop\PROJETO_PRODAM\PRODAM_DOCS\SEDUC_CONSOLIDADO\08_PDFS_ORIGINAIS\51840-2025-30.pdf;C:\Users\gabri\Desktop\DETRAN_AUDITORIA_COMPLETA\20_OCR_OUTPUT\pesquisaveis\PRODAM_OrgaosM_Z\TA_142018_SEDUC_2025-12-12_1983a2.pdf;
51841-2025-85.pdf;TA_202022_TJAM_2025-11-17_377f79.pdf;TA;20/2022;TJAM;04407920000180;2025-11-17;19963695.60;P1-DOC;nativo;1.0;1.0;C:\Users\gabri\Desktop\PROJETO_PRODAM\PRODAM_DOCS\SEDUC_CONSOLIDADO\08_PDFS_ORIGINAIS\51841-2025-85.pdf;C:\Users\gabri\Desktop\DETRAN_AUDITORIA_COMPLETA\20_OCR_OUTPUT\pesquisaveis\PRODAM_OrgaosM_Z\TA_202022_TJAM_2025-11-17_377f79.pdf;
6568-2025-34.pdf;TA_202022_SEDUC_2025-01-30_0f0e89.pdf;TA;20/2022;SEDUC;04407920000180;2025-01-30;19963695.60;P1-DOC;nativo;1.0;1.0;C:\Users\gabri\Desktop\PROJETO_PRODAM\PRODAM_DOCS\SEDUC_CONSOLIDADO\08_PDFS_ORIGINAIS\6568-2025-34.pdf;C:\Users\gabri\Desktop\DETRAN_AUDITORIA_COMPLETA\20_OCR_OUTPUT\pesquisaveis\PRODAM_OrgaosM_Z\TA_202022_SEDUC_2025-01-30_0f0e89.pdf;
6571-2025-58.pdf;TA_022025_SEDUC_2025-01-07_9ab805.pdf;TA;02/2025;SEDUC;04407920000180;2025-01-07;22628440.80;P1-DOC;nativo;1.0;1.0;C:\Users\gabri\Desktop\PROJETO_PRODAM\PRODAM_DOCS\SEDUC_CONSOLIDADO\08_PDFS_ORIGINAIS\6571-2025-58.pdf;C:\Users\gabri\Desktop\DETRAN_AUDITORIA_COMPLETA\20_OCR_OUTPUT\pesquisaveis\PRODAM_OrgaosM_Z\TA_022025_SEDUC_2025-01-07_9ab805.pdf;
