caminho;nome;estagio;score;paginas;procedencia;pdf_pesquisavel;segundos;status
C:\Users\gabri\Desktop\PROJETO_PRODAM\SPCF_EXTRACAO\AUDITORIA_DETRAN_COMPLETA\pdfs_spcf_reais\empenhos\empenho_DETRAN_10601.pdf;empenho_DETRAN_10601.pdf;ocrmypdf;0.97;1;P2-PARCIAL;C:\Users\gabri\Desktop\PROJETO_PRODAM\SPCF_EXTRACAO\AUDITORIA_DETRAN_COMPLETA\pdfs_spcf_reais\empenhos\empenho_DETRAN_10601.ocr.pdf;14.3;OK
C:\Users\gabri\Desktop\PROJETO_PRODAM\SPCF_EXTRACAO\AUDITORIA_DETRAN_COMPLETA\pdfs_spcf_reais\empenhos\empenho_DETRAN_10363.pdf;empenho_DETRAN_10363.pdf;ocrmypdf;0.9;2;P2-PARCIAL;C:\Users\gabri\Desktop\PROJETO_PRODAM\SPCF_EXTRACAO\AUDITORIA_DETRAN_COMPLETA\pdfs_spcf_reais\empenhos\empenho_DETRAN_10363.ocr.pdf;14.4;OK
C:\Users\gabri\Desktop\PROJETO_PRODAM\SPCF_EXTRACAO\AUDITORIA_DETRAN_COMPLETA\pdfs_spcf_reais\empenhos\empenho_DETRAN_10207.pdf;empenho_DETRAN_10207.pdf;ocrmypdf;0.87;1;P2-PARCIAL;C:\Users\gabri\Desktop\PROJETO_PRODAM\SPCF_EXTRACAO\AUDITORIA_DETRAN_COMPLETA\pdfs_spcf_reais\empenhos\empenho_DETRAN_10207.ocr.pdf;14.7;OK
C:\Users\gabri\Desktop\PROJETO_PRODAM\SPCF_EXTRACAO\AUDITORIA_DETRAN_COMPLETA\pdfs_spcf_reais\empenhos\empenho_DETRAN_10077.pdf;empenho_DETRAN_10077.pdf;ocrmypdf;0.91;2;P2-PARCIAL;C:\Users\gabri\Desktop\PROJETO_PRODAM\SPCF_EXTRACAO\AUDITORIA_DETRAN_COMPLETA\pdfs_spcf_reais\empenhos\empenho_DETRAN_10077.ocr.pdf;17.8;OK
C:\Users\gabri\Desktop\PROJETO_PRODAM\SPCF_EXTRACAO\AUDITORIA_DETRAN_COMPLETA\pdfs_spcf_reais\empenhos\empenho_DETRAN_10208.pdf;empenho_DETRAN_10208.pdf;ocrmypdf;0.87;1;P2-PARCIAL;C:\Users\gabri\Desktop\PROJETO_PRODAM\SPCF_EXTRACAO\AUDITORIA_DETRAN_COMPLETA\pdfs_spcf_reais\empenhos\empenho_DETRAN_10208.ocr.pdf;10.4;OK
C:\Users\gabri\Desktop\PROJETO_PRODAM\SPCF_EXTRACAO\AUDITORIA_DETRAN_COMPLETA\pdfs_spcf_reais\empenhos\empenho_DETRAN_10604.pdf;empenho_DETRAN_10604.pdf;ocrmypdf;0.96;1;P2-PARCIAL;C:\Users\gabri\Desktop\PROJETO_PRODAM\SPCF_EXTRACAO\AUDITORIA_DETRAN_COMPLETA\pdfs_spcf_reais\empenhos\empenho_DETRAN_10604.ocr.pdf;11.2;OK
C:\Users\gabri\Desktop\PROJETO_PRODAM\SPCF_EXTRACAO\AUDITORIA_DETRAN_COMPLETA\pdfs_spcf_reais\empenhos\empenho_DETRAN_10693.pdf;empenho_DETRAN_10693.pdf;ocrmypdf;0.89;2;P2-PARCIAL;C:\Users\gabri\Desktop\PROJETO_PRODAM\SPCF_EXTRACAO\AUDITORIA_DETRAN_COMPLETA\pdfs_spcf_reais\empenhos\empenho_DETRAN_10693.ocr.pdf;22.4;OK
C:\Users\gabri\Desktop\PROJETO_PRODAM\SPCF_EXTRACAO\AUDITORIA_DETRAN_COMPLETA\pdfs_spcf_reais\empenhos\empenho_DETRAN_10694.pdf;empenho_DETRAN_10694.pdf;ocrmypdf;0.91;2;P2-PARCIAL;C:\Users\gabri\Desktop\PROJETO_PRODAM\SPCF_EXTRACAO\AUDITORIA_DETRAN_COMPLETA\pdfs_spcf_reais\empenhos\empenho_DETRAN_10694.ocr.pdf;21.7;OK
C:\Users\gabri\Desktop\PROJETO_PRODAM\SPCF_EXTRACAO\AUDITORIA_DETRAN_COMPLETA\pdfs_spcf_reais\empenhos\empenho_DETRAN_11772.pdf;empenho_DETRAN_11772.pdf;ocrmypdf;0.85;2;P2-PARCIAL;C:\Users\gabri\Desktop\PROJETO_PRODAM\SPCF_EXTRACAO\AUDITORIA_DETRAN_COMPLETA\pdfs_spcf_reais\empenhos\empenho_DETRAN_11772.ocr.pdf;14.7;OK
C:\Users\gabri\Desktop\PROJETO_PRODAM\SPCF_EXTRACAO\AUDITORIA_DETRAN_COMPLETA\pdfs_spcf_reais\empenhos\empenho_DETRAN_10699.pdf;empenho_DETRAN_10699.pdf;ocrmypdf;0.89;2;P2-PARCIAL;C:\Users\gabri\Desktop\PROJETO_PRODAM\SPCF_EXTRACAO\AUDITORIA_DETRAN_COMPLETA\pdfs_spcf_reais\empenhos\empenho_DETRAN_10699.ocr.pdf;22.2;OK
C:\Users\gabri\Desktop\PROJETO_PRODAM\SPCF_EXTRACAO\AUDITORIA_DETRAN_COMPLETA\pdfs_spcf_reais\empenhos\empenho_DETRAN_11789.pdf;empenho_DETRAN_11789.pdf;ocrmypdf;0.88;2;P2-PARCIAL;C:\Users\gabri\Desktop\PROJETO_PRODAM\SPCF_EXTRACAO\AUDITORIA_DETRAN_COMPLETA\pdfs_spcf_reais\empenhos\empenho_DETRAN_11789.ocr.pdf;14.9;OK
C:\Users\gabri\Desktop\PROJETO_PRODAM\SPCF_EXTRACAO\AUDITORIA_DETRAN_COMPLETA\pdfs_spcf_reais\empenhos\empenho_DETRAN_10701.pdf;empenho_DETRAN_10701.pdf;ocrmypdf;0.89;2;P2-PARCIAL;C:\Users\gabri\Desktop\PROJETO_PRODAM\SPCF_EXTRACAO\AUDITORIA_DETRAN_COMPLETA\pdfs_spcf_reais\empenhos\empenho_DETRAN_10701.ocr.pdf;31.0;OK
C:\Users\gabri\Desktop\PROJETO_PRODAM\SPCF_EXTRACAO\AUDITORIA_DETRAN_COMPLETA\pdfs_spcf_reais\empenhos\empenho_DETRAN_12170.pdf;empenho_DETRAN_12170.pdf;ocrmypdf;0.88;2;P2-PARCIAL;C:\Users\gabri\Desktop\PROJETO_PRODAM\SPCF_EXTRACAO\AUDITORIA_DETRAN_COMPLETA\pdfs_spcf_reais\empenhos\empenho_DETRAN_12170.ocr.pdf;23.5;OK
C:\Users\gabri\Desktop\PROJETO_PRODAM\SPCF_EXTRACAO\AUDITORIA_DETRAN_COMPLETA\pdfs_spcf_reais\empenhos\empenho_DETRAN_12011.pdf;empenho_DETRAN_12011.pdf;ocrmypdf;0.91;2;P2-PARCIAL;C:\Users\gabri\Desktop\PROJETO_PRODAM\SPCF_EXTRACAO\AUDITORIA_DETRAN_COMPLETA\pdfs_spcf_reais\empenhos\empenho_DETRAN_12011.ocr.pdf;24.9;OK
C:\Users\gabri\Desktop\PROJETO_PRODAM\SPCF_EXTRACAO\AUDITORIA_DETRAN_COMPLETA\pdfs_spcf_reais\empenhos\empenho_DETRAN_12297.pdf;empenho_DETRAN_12297.pdf;ocrmypdf;0.92;2;P2-PARCIAL;C:\Users\gabri\Desktop\PROJETO_PRODAM\SPCF_EXTRACAO\AUDITORIA_DETRAN_COMPLETA\pdfs_spcf_reais\empenhos\empenho_DETRAN_12297.ocr.pdf;24.6;OK
C:\Users\gabri\Desktop\PROJETO_PRODAM\SPCF_EXTRACAO\AUDITORIA_DETRAN_COMPLETA\pdfs_spcf_reais\empenhos\empenho_DETRAN_1244.pdf;empenho_DETRAN_1244.pdf;ocrmypdf;0.81;2;P2-PARCIAL;C:\Users\gabri\Desktop\PROJETO_PRODAM\SPCF_EXTRACAO\AUDITORIA_DETRAN_COMPLETA\pdfs_spcf_reais\empenhos\empenho_DETRAN_1244.ocr.pdf;18.1;OK
C:\Users\gabri\Desktop\PROJETO_PRODAM\SPCF_EXTRACAO\AUDITORIA_DETRAN_COMPLETA\pdfs_spcf_reais\empenhos\empenho_DETRAN_12298.pdf;empenho_DETRAN_12298.pdf;ocrmypdf;0.96;1;P2-PARCIAL;C:\Users\gabri\Desktop\PROJETO_PRODAM\SPCF_EXTRACAO\AUDITORIA_DETRAN_COMPLETA\pdfs_spcf_reais\empenhos\empenho_DETRAN_12298.ocr.pdf;22.5;OK
C:\Users\gabri\Desktop\PROJETO_PRODAM\SPCF_EXTRACAO\AUDITORIA_DETRAN_COMPLETA\pdfs_spcf_reais\empenhos\empenho_DETRAN_12303.pdf;empenho_DETRAN_12303.pdf;ocrmypdf;0.91;2;P2-PARCIAL;C:\Users\gabri\Desktop\PROJETO_PRODAM\SPCF_EXTRACAO\AUDITORIA_DETRAN_COMPLETA\pdfs_spcf_reais\empenhos\empenho_DETRAN_12303.ocr.pdf;31.9;OK
C:\Users\gabri\Desktop\PROJETO_PRODAM\SPCF_EXTRACAO\AUDITORIA_DETRAN_COMPLETA\pdfs_spcf_reais\empenhos\empenho_DETRAN_12299.pdf;empenho_DETRAN_12299.pdf;ocrmypdf;0.96;1;P2-PARCIAL;C:\Users\gabri\Desktop\PROJETO_PRODAM\SPCF_EXTRACAO\AUDITORIA_DETRAN_COMPLETA\pdfs_spcf_reais\empenhos\empenho_DETRAN_12299.ocr.pdf;34.7;OK
C:\Users\gabri\Desktop\PROJETO_PRODAM\SPCF_EXTRACAO\AUDITORIA_DETRAN_COMPLETA\pdfs_spcf_reais\empenhos\empenho_DETRAN_12345.pdf;empenho_DETRAN_12345.pdf;ocrmypdf;0.96;1;P2-PARCIAL;C:\Users\gabri\Desktop\PROJETO_PRODAM\SPCF_EXTRACAO\AUDITORIA_DETRAN_COMPLETA\pdfs_spcf_reais\empenhos\empenho_DETRAN_12345.ocr.pdf;29.0;OK
C:\Users\gabri\Desktop\PROJETO_PRODAM\SPCF_EXTRACAO\AUDITORIA_DETRAN_COMPLETA\pdfs_spcf_reais\empenhos\empenho_DETRAN_12983.pdf;empenho_DETRAN_12983.pdf;ocrmypdf;0.91;2;P2-PARCIAL;C:\Users\gabri\Desktop\PROJETO_PRODAM\SPCF_EXTRACAO\AUDITORIA_DETRAN_COMPLETA\pdfs_spcf_reais\empenhos\empenho_DETRAN_12983.ocr.pdf;35.5;OK
C:\Users\gabri\Desktop\PROJETO_PRODAM\SPCF_EXTRACAO\AUDITORIA_DETRAN_COMPLETA\pdfs_spcf_reais\empenhos\empenho_DETRAN_13098.pdf;empenho_DETRAN_13098.pdf;ERRO;0.0;0;;;11.8;"ERRO: Unable to get page count.
Syntax Error: Couldn't find trailer dictionary
Syntax Error: Couldn't find trailer dictionary
Syntax Error: Couldn't read xref table
"
C:\Users\gabri\Desktop\PROJETO_PRODAM\SPCF_EXTRACAO\AUDITORIA_DETRAN_COMPLETA\pdfs_spcf_reais\empenhos\empenho_DETRAN_13270.pdf;empenho_DETRAN_13270.pdf;ocrmypdf;0.88;2;P2-PARCIAL;C:\Users\gabri\Desktop\PROJETO_PRODAM\SPCF_EXTRACAO\AUDITORIA_DETRAN_COMPLETA\pdfs_spcf_reais\empenhos\empenho_DETRAN_13270.ocr.pdf;25.4;OK
C:\Users\gabri\Desktop\PROJETO_PRODAM\SPCF_EXTRACAO\AUDITORIA_DETRAN_COMPLETA\pdfs_spcf_reais\empenhos\empenho_DETRAN_12872.pdf;empenho_DETRAN_12872.pdf;ocrmypdf;0.91;2;P2-PARCIAL;C:\Users\gabri\Desktop\PROJETO_PRODAM\SPCF_EXTRACAO\AUDITORIA_DETRAN_COMPLETA\pdfs_spcf_reais\empenhos\empenho_DETRAN_12872.ocr.pdf;40.2;OK
C:\Users\gabri\Desktop\PROJETO_PRODAM\SPCF_EXTRACAO\AUDITORIA_DETRAN_COMPLETA\pdfs_spcf_reais\empenhos\empenho_DETRAN_13100.pdf;empenho_DETRAN_13100.pdf;ocrmypdf;0.91;2;P2-PARCIAL;C:\Users\gabri\Desktop\PROJETO_PRODAM\SPCF_EXTRACAO\AUDITORIA_DETRAN_COMPLETA\pdfs_spcf_reais\empenhos\empenho_DETRAN_13100.ocr.pdf;21.0;OK
C:\Users\gabri\Desktop\PROJETO_PRODAM\SPCF_EXTRACAO\AUDITORIA_DETRAN_COMPLETA\pdfs_spcf_reais\empenhos\empenho_DETRAN_13427.pdf;empenho_DETRAN_13427.pdf;ocrmypdf;0.91;2;P2-PARCIAL;C:\Users\gabri\Desktop\PROJETO_PRODAM\SPCF_EXTRACAO\AUDITORIA_DETRAN_COMPLETA\pdfs_spcf_reais\empenhos\empenho_DETRAN_13427.ocr.pdf;33.3;OK
C:\Users\gabri\Desktop\PROJETO_PRODAM\SPCF_EXTRACAO\AUDITORIA_DETRAN_COMPLETA\pdfs_spcf_reais\empenhos\empenho_DETRAN_17409.pdf;empenho_DETRAN_17409.pdf;ocrmypdf;0.89;2;P2-PARCIAL;C:\Users\gabri\Desktop\PROJETO_PRODAM\SPCF_EXTRACAO\AUDITORIA_DETRAN_COMPLETA\pdfs_spcf_reais\empenhos\empenho_DETRAN_17409.ocr.pdf;27.2;OK
C:\Users\gabri\Desktop\PROJETO_PRODAM\SPCF_EXTRACAO\AUDITORIA_DETRAN_COMPLETA\pdfs_spcf_reais\empenhos\empenho_DETRAN_18013.pdf;empenho_DETRAN_18013.pdf;ocrmypdf;0.91;2;P2-PARCIAL;C:\Users\gabri\Desktop\PROJETO_PRODAM\SPCF_EXTRACAO\AUDITORIA_DETRAN_COMPLETA\pdfs_spcf_reais\empenhos\empenho_DETRAN_18013.ocr.pdf;29.1;OK
C:\Users\gabri\Desktop\PROJETO_PRODAM\SPCF_EXTRACAO\AUDITORIA_DETRAN_COMPLETA\pdfs_spcf_reais\empenhos\empenho_DETRAN_17131.pdf;empenho_DETRAN_17131.pdf;ocrmypdf;0.61;3;P2-PARCIAL;C:\Users\gabri\Desktop\PROJETO_PRODAM\SPCF_EXTRACAO\AUDITORIA_DETRAN_COMPLETA\pdfs_spcf_reais\empenhos\empenho_DETRAN_17131.ocr.pdf;90.2;OK
C:\Users\gabri\Desktop\PROJETO_PRODAM\SPCF_EXTRACAO\AUDITORIA_DETRAN_COMPLETA\pdfs_spcf_reais\empenhos\empenho_DETRAN_18695.pdf;empenho_DETRAN_18695.pdf;ocrmypdf;0.91;3;P2-PARCIAL;C:\Users\gabri\Desktop\PROJETO_PRODAM\SPCF_EXTRACAO\AUDITORIA_DETRAN_COMPLETA\pdfs_spcf_reais\empenhos\empenho_DETRAN_18695.ocr.pdf;64.2;OK
C:\Users\gabri\Desktop\PROJETO_PRODAM\SPCF_EXTRACAO\AUDITORIA_DETRAN_COMPLETA\pdfs_spcf_reais\empenhos\empenho_DETRAN_2189.pdf;empenho_DETRAN_2189.pdf;ocrmypdf;0.96;1;P2-PARCIAL;C:\Users\gabri\Desktop\PROJETO_PRODAM\SPCF_EXTRACAO\AUDITORIA_DETRAN_COMPLETA\pdfs_spcf_reais\empenhos\empenho_DETRAN_2189.ocr.pdf;22.2;OK
C:\Users\gabri\Desktop\PROJETO_PRODAM\SPCF_EXTRACAO\AUDITORIA_DETRAN_COMPLETA\pdfs_spcf_reais\empenhos\empenho_DETRAN_2188.pdf;empenho_DETRAN_2188.pdf;ocrmypdf;0.96;1;P2-PARCIAL;C:\Users\gabri\Desktop\PROJETO_PRODAM\SPCF_EXTRACAO\AUDITORIA_DETRAN_COMPLETA\pdfs_spcf_reais\empenhos\empenho_DETRAN_2188.ocr.pdf;22.3;OK
C:\Users\gabri\Desktop\PROJETO_PRODAM\SPCF_EXTRACAO\AUDITORIA_DETRAN_COMPLETA\pdfs_spcf_reais\empenhos\empenho_DETRAN_2195.pdf;empenho_DETRAN_2195.pdf;ocrmypdf;0.96;1;P2-PARCIAL;C:\Users\gabri\Desktop\PROJETO_PRODAM\SPCF_EXTRACAO\AUDITORIA_DETRAN_COMPLETA\pdfs_spcf_reais\empenhos\empenho_DETRAN_2195.ocr.pdf;15.5;OK
C:\Users\gabri\Desktop\PROJETO_PRODAM\SPCF_EXTRACAO\AUDITORIA_DETRAN_COMPLETA\pdfs_spcf_reais\empenhos\empenho_DETRAN_2213.pdf;empenho_DETRAN_2213.pdf;ocrmypdf;0.97;1;P2-PARCIAL;C:\Users\gabri\Desktop\PROJETO_PRODAM\SPCF_EXTRACAO\AUDITORIA_DETRAN_COMPLETA\pdfs_spcf_reais\empenhos\empenho_DETRAN_2213.ocr.pdf;17.6;OK
C:\Users\gabri\Desktop\PROJETO_PRODAM\SPCF_EXTRACAO\AUDITORIA_DETRAN_COMPLETA\pdfs_spcf_reais\empenhos\empenho_DETRAN_23236.pdf;empenho_DETRAN_23236.pdf;ocrmypdf;0.89;2;P2-PARCIAL;C:\Users\gabri\Desktop\PROJETO_PRODAM\SPCF_EXTRACAO\AUDITORIA_DETRAN_COMPLETA\pdfs_spcf_reais\empenhos\empenho_DETRAN_23236.ocr.pdf;34.5;OK
C:\Users\gabri\Desktop\PROJETO_PRODAM\SPCF_EXTRACAO\AUDITORIA_DETRAN_COMPLETA\pdfs_spcf_reais\empenhos\empenho_DETRAN_23237.pdf;empenho_DETRAN_23237.pdf;ocrmypdf;0.9;1;P2-PARCIAL;C:\Users\gabri\Desktop\PROJETO_PRODAM\SPCF_EXTRACAO\AUDITORIA_DETRAN_COMPLETA\pdfs_spcf_reais\empenhos\empenho_DETRAN_23237.ocr.pdf;31.7;OK
C:\Users\gabri\Desktop\PROJETO_PRODAM\SPCF_EXTRACAO\AUDITORIA_DETRAN_COMPLETA\pdfs_spcf_reais\empenhos\empenho_DETRAN_23238.pdf;empenho_DETRAN_23238.pdf;ocrmypdf;0.91;1;P2-PARCIAL;C:\Users\gabri\Desktop\PROJETO_PRODAM\SPCF_EXTRACAO\AUDITORIA_DETRAN_COMPLETA\pdfs_spcf_reais\empenhos\empenho_DETRAN_23238.ocr.pdf;40.0;OK
C:\Users\gabri\Desktop\PROJETO_PRODAM\SPCF_EXTRACAO\AUDITORIA_DETRAN_COMPLETA\pdfs_spcf_reais\empenhos\empenho_DETRAN_23239.pdf;empenho_DETRAN_23239.pdf;ocrmypdf;0.91;1;P2-PARCIAL;C:\Users\gabri\Desktop\PROJETO_PRODAM\SPCF_EXTRACAO\AUDITORIA_DETRAN_COMPLETA\pdfs_spcf_reais\empenhos\empenho_DETRAN_23239.ocr.pdf;38.3;OK
C:\Users\gabri\Desktop\PROJETO_PRODAM\SPCF_EXTRACAO\AUDITORIA_DETRAN_COMPLETA\pdfs_spcf_reais\empenhos\empenho_DETRAN_2408.pdf;empenho_DETRAN_2408.pdf;ocrmypdf;0.88;2;P2-PARCIAL;C:\Users\gabri\Desktop\PROJETO_PRODAM\SPCF_EXTRACAO\AUDITORIA_DETRAN_COMPLETA\pdfs_spcf_reais\empenhos\empenho_DETRAN_2408.ocr.pdf;23.0;OK
C:\Users\gabri\Desktop\PROJETO_PRODAM\SPCF_EXTRACAO\AUDITORIA_DETRAN_COMPLETA\pdfs_spcf_reais\empenhos\empenho_DETRAN_2443.pdf;empenho_DETRAN_2443.pdf;ocrmypdf;0.93;2;P2-PARCIAL;C:\Users\gabri\Desktop\PROJETO_PRODAM\SPCF_EXTRACAO\AUDITORIA_DETRAN_COMPLETA\pdfs_spcf_reais\empenhos\empenho_DETRAN_2443.ocr.pdf;22.6;OK
C:\Users\gabri\Desktop\PROJETO_PRODAM\SPCF_EXTRACAO\AUDITORIA_DETRAN_COMPLETA\pdfs_spcf_reais\empenhos\empenho_DETRAN_23240.pdf;empenho_DETRAN_23240.pdf;ocrmypdf;0.91;1;P2-PARCIAL;C:\Users\gabri\Desktop\PROJETO_PRODAM\SPCF_EXTRACAO\AUDITORIA_DETRAN_COMPLETA\pdfs_spcf_reais\empenhos\empenho_DETRAN_23240.ocr.pdf;47.2;OK
C:\Users\gabri\Desktop\PROJETO_PRODAM\SPCF_EXTRACAO\AUDITORIA_DETRAN_COMPLETA\pdfs_spcf_reais\empenhos\empenho_DETRAN_2411.pdf;empenho_DETRAN_2411.pdf;ocrmypdf;0.93;2;P2-PARCIAL;C:\Users\gabri\Desktop\PROJETO_PRODAM\SPCF_EXTRACAO\AUDITORIA_DETRAN_COMPLETA\pdfs_spcf_reais\empenhos\empenho_DETRAN_2411.ocr.pdf;45.7;OK
C:\Users\gabri\Desktop\PROJETO_PRODAM\SPCF_EXTRACAO\AUDITORIA_DETRAN_COMPLETA\pdfs_spcf_reais\empenhos\empenho_DETRAN_2416.pdf;empenho_DETRAN_2416.pdf;ocrmypdf;0.88;2;P2-PARCIAL;C:\Users\gabri\Desktop\PROJETO_PRODAM\SPCF_EXTRACAO\AUDITORIA_DETRAN_COMPLETA\pdfs_spcf_reais\empenhos\empenho_DETRAN_2416.ocr.pdf;40.7;OK
C:\Users\gabri\Desktop\PROJETO_PRODAM\SPCF_EXTRACAO\AUDITORIA_DETRAN_COMPLETA\pdfs_spcf_reais\empenhos\empenho_DETRAN_2457.pdf;empenho_DETRAN_2457.pdf;ocrmypdf;0.91;2;P2-PARCIAL;C:\Users\gabri\Desktop\PROJETO_PRODAM\SPCF_EXTRACAO\AUDITORIA_DETRAN_COMPLETA\pdfs_spcf_reais\empenhos\empenho_DETRAN_2457.ocr.pdf;42.3;OK
C:\Users\gabri\Desktop\PROJETO_PRODAM\SPCF_EXTRACAO\AUDITORIA_DETRAN_COMPLETA\pdfs_spcf_reais\empenhos\empenho_DETRAN_2515.pdf;empenho_DETRAN_2515.pdf;ocrmypdf;0.87;2;P2-PARCIAL;C:\Users\gabri\Desktop\PROJETO_PRODAM\SPCF_EXTRACAO\AUDITORIA_DETRAN_COMPLETA\pdfs_spcf_reais\empenhos\empenho_DETRAN_2515.ocr.pdf;15.5;OK
C:\Users\gabri\Desktop\PROJETO_PRODAM\SPCF_EXTRACAO\AUDITORIA_DETRAN_COMPLETA\pdfs_spcf_reais\empenhos\empenho_DETRAN_2505.pdf;empenho_DETRAN_2505.pdf;ocrmypdf;0.91;2;P2-PARCIAL;C:\Users\gabri\Desktop\PROJETO_PRODAM\SPCF_EXTRACAO\AUDITORIA_DETRAN_COMPLETA\pdfs_spcf_reais\empenhos\empenho_DETRAN_2505.ocr.pdf;15.4;OK
C:\Users\gabri\Desktop\PROJETO_PRODAM\SPCF_EXTRACAO\AUDITORIA_DETRAN_COMPLETA\pdfs_spcf_reais\empenhos\empenho_DETRAN_2808.pdf;empenho_DETRAN_2808.pdf;ocrmypdf;0.91;2;P2-PARCIAL;C:\Users\gabri\Desktop\PROJETO_PRODAM\SPCF_EXTRACAO\AUDITORIA_DETRAN_COMPLETA\pdfs_spcf_reais\empenhos\empenho_DETRAN_2808.ocr.pdf;14.6;OK
C:\Users\gabri\Desktop\PROJETO_PRODAM\SPCF_EXTRACAO\AUDITORIA_DETRAN_COMPLETA\pdfs_spcf_reais\empenhos\empenho_DETRAN_3070.pdf;empenho_DETRAN_3070.pdf;ocrmypdf;0.91;2;P2-PARCIAL;C:\Users\gabri\Desktop\PROJETO_PRODAM\SPCF_EXTRACAO\AUDITORIA_DETRAN_COMPLETA\pdfs_spcf_reais\empenhos\empenho_DETRAN_3070.ocr.pdf;14.8;OK
C:\Users\gabri\Desktop\PROJETO_PRODAM\SPCF_EXTRACAO\AUDITORIA_DETRAN_COMPLETA\pdfs_spcf_reais\empenhos\empenho_DETRAN_3193.pdf;empenho_DETRAN_3193.pdf;ocrmypdf;0.96;1;P2-PARCIAL;C:\Users\gabri\Desktop\PROJETO_PRODAM\SPCF_EXTRACAO\AUDITORIA_DETRAN_COMPLETA\pdfs_spcf_reais\empenhos\empenho_DETRAN_3193.ocr.pdf;16.6;OK
C:\Users\gabri\Desktop\PROJETO_PRODAM\SPCF_EXTRACAO\AUDITORIA_DETRAN_COMPLETA\pdfs_spcf_reais\empenhos\empenho_DETRAN_3071.pdf;empenho_DETRAN_3071.pdf;ocrmypdf;0.93;2;P2-PARCIAL;C:\Users\gabri\Desktop\PROJETO_PRODAM\SPCF_EXTRACAO\AUDITORIA_DETRAN_COMPLETA\pdfs_spcf_reais\empenhos\empenho_DETRAN_3071.ocr.pdf;31.7;OK
C:\Users\gabri\Desktop\PROJETO_PRODAM\SPCF_EXTRACAO\AUDITORIA_DETRAN_COMPLETA\pdfs_spcf_reais\empenhos\empenho_DETRAN_3207.pdf;empenho_DETRAN_3207.pdf;ocrmypdf;0.96;1;P2-PARCIAL;C:\Users\gabri\Desktop\PROJETO_PRODAM\SPCF_EXTRACAO\AUDITORIA_DETRAN_COMPLETA\pdfs_spcf_reais\empenhos\empenho_DETRAN_3207.ocr.pdf;93.9;OK
C:\Users\gabri\Desktop\PROJETO_PRODAM\SPCF_EXTRACAO\AUDITORIA_DETRAN_COMPLETA\pdfs_spcf_reais\empenhos\empenho_DETRAN_3361.pdf;empenho_DETRAN_3361.pdf;ocrmypdf;0.93;2;P2-PARCIAL;C:\Users\gabri\Desktop\PROJETO_PRODAM\SPCF_EXTRACAO\AUDITORIA_DETRAN_COMPLETA\pdfs_spcf_reais\empenhos\empenho_DETRAN_3361.ocr.pdf;93.6;OK
C:\Users\gabri\Desktop\PROJETO_PRODAM\SPCF_EXTRACAO\AUDITORIA_DETRAN_COMPLETA\pdfs_spcf_reais\empenhos\empenho_DETRAN_3733.pdf;empenho_DETRAN_3733.pdf;ocrmypdf;0.94;2;P2-PARCIAL;C:\Users\gabri\Desktop\PROJETO_PRODAM\SPCF_EXTRACAO\AUDITORIA_DETRAN_COMPLETA\pdfs_spcf_reais\empenhos\empenho_DETRAN_3733.ocr.pdf;24.0;OK
C:\Users\gabri\Desktop\PROJETO_PRODAM\SPCF_EXTRACAO\AUDITORIA_DETRAN_COMPLETA\pdfs_spcf_reais\empenhos\empenho_DETRAN_3360.pdf;empenho_DETRAN_3360.pdf;ocrmypdf;0.93;2;P2-PARCIAL;C:\Users\gabri\Desktop\PROJETO_PRODAM\SPCF_EXTRACAO\AUDITORIA_DETRAN_COMPLETA\pdfs_spcf_reais\empenhos\empenho_DETRAN_3360.ocr.pdf;42.5;OK
C:\Users\gabri\Desktop\PROJETO_PRODAM\SPCF_EXTRACAO\AUDITORIA_DETRAN_COMPLETA\pdfs_spcf_reais\empenhos\empenho_DETRAN_3737.pdf;empenho_DETRAN_3737.pdf;ocrmypdf;0.93;2;P2-PARCIAL;C:\Users\gabri\Desktop\PROJETO_PRODAM\SPCF_EXTRACAO\AUDITORIA_DETRAN_COMPLETA\pdfs_spcf_reais\empenhos\empenho_DETRAN_3737.ocr.pdf;55.6;OK
C:\Users\gabri\Desktop\PROJETO_PRODAM\SPCF_EXTRACAO\AUDITORIA_DETRAN_COMPLETA\pdfs_spcf_reais\empenhos\empenho_DETRAN_3254.pdf;empenho_DETRAN_3254.pdf;ocrmypdf;0.93;2;P2-PARCIAL;C:\Users\gabri\Desktop\PROJETO_PRODAM\SPCF_EXTRACAO\AUDITORIA_DETRAN_COMPLETA\pdfs_spcf_reais\empenhos\empenho_DETRAN_3254.ocr.pdf;59.1;OK
C:\Users\gabri\Desktop\PROJETO_PRODAM\SPCF_EXTRACAO\AUDITORIA_DETRAN_COMPLETA\pdfs_spcf_reais\empenhos\empenho_DETRAN_4113.pdf;empenho_DETRAN_4113.pdf;ocrmypdf;0.96;1;P2-PARCIAL;C:\Users\gabri\Desktop\PROJETO_PRODAM\SPCF_EXTRACAO\AUDITORIA_DETRAN_COMPLETA\pdfs_spcf_reais\empenhos\empenho_DETRAN_4113.ocr.pdf;89.5;OK
C:\Users\gabri\Desktop\PROJETO_PRODAM\SPCF_EXTRACAO\AUDITORIA_DETRAN_COMPLETA\pdfs_spcf_reais\empenhos\empenho_DETRAN_3738.pdf;empenho_DETRAN_3738.pdf;ocrmypdf;0.93;2;P2-PARCIAL;C:\Users\gabri\Desktop\PROJETO_PRODAM\SPCF_EXTRACAO\AUDITORIA_DETRAN_COMPLETA\pdfs_spcf_reais\empenhos\empenho_DETRAN_3738.ocr.pdf;36.9;OK
C:\Users\gabri\Desktop\PROJETO_PRODAM\SPCF_EXTRACAO\AUDITORIA_DETRAN_COMPLETA\pdfs_spcf_reais\empenhos\empenho_DETRAN_4121.pdf;empenho_DETRAN_4121.pdf;ocrmypdf;0.96;1;P2-PARCIAL;C:\Users\gabri\Desktop\PROJETO_PRODAM\SPCF_EXTRACAO\AUDITORIA_DETRAN_COMPLETA\pdfs_spcf_reais\empenhos\empenho_DETRAN_4121.ocr.pdf;42.8;OK
C:\Users\gabri\Desktop\PROJETO_PRODAM\SPCF_EXTRACAO\AUDITORIA_DETRAN_COMPLETA\pdfs_spcf_reais\empenhos\empenho_DETRAN_4125.pdf;empenho_DETRAN_4125.pdf;ocrmypdf;0.95;1;P2-PARCIAL;C:\Users\gabri\Desktop\PROJETO_PRODAM\SPCF_EXTRACAO\AUDITORIA_DETRAN_COMPLETA\pdfs_spcf_reais\empenhos\empenho_DETRAN_4125.ocr.pdf;44.7;OK
C:\Users\gabri\Desktop\PROJETO_PRODAM\SPCF_EXTRACAO\AUDITORIA_DETRAN_COMPLETA\pdfs_spcf_reais\empenhos\empenho_DETRAN_4126.pdf;empenho_DETRAN_4126.pdf;ocrmypdf;0.96;1;P2-PARCIAL;C:\Users\gabri\Desktop\PROJETO_PRODAM\SPCF_EXTRACAO\AUDITORIA_DETRAN_COMPLETA\pdfs_spcf_reais\empenhos\empenho_DETRAN_4126.ocr.pdf;42.3;OK
C:\Users\gabri\Desktop\PROJETO_PRODAM\SPCF_EXTRACAO\AUDITORIA_DETRAN_COMPLETA\pdfs_spcf_reais\empenhos\empenho_DETRAN_4114.pdf;empenho_DETRAN_4114.pdf;ocrmypdf;0.96;1;P2-PARCIAL;C:\Users\gabri\Desktop\PROJETO_PRODAM\SPCF_EXTRACAO\AUDITORIA_DETRAN_COMPLETA\pdfs_spcf_reais\empenhos\empenho_DETRAN_4114.ocr.pdf;42.8;OK
C:\Users\gabri\Desktop\PROJETO_PRODAM\SPCF_EXTRACAO\AUDITORIA_DETRAN_COMPLETA\pdfs_spcf_reais\empenhos\empenho_DETRAN_4134.pdf;empenho_DETRAN_4134.pdf;ocrmypdf;0.95;1;P2-PARCIAL;C:\Users\gabri\Desktop\PROJETO_PRODAM\SPCF_EXTRACAO\AUDITORIA_DETRAN_COMPLETA\pdfs_spcf_reais\empenhos\empenho_DETRAN_4134.ocr.pdf;64.9;OK
C:\Users\gabri\Desktop\PROJETO_PRODAM\SPCF_EXTRACAO\AUDITORIA_DETRAN_COMPLETA\pdfs_spcf_reais\empenhos\empenho_DETRAN_4128.pdf;empenho_DETRAN_4128.pdf;ocrmypdf;0.96;1;P2-PARCIAL;C:\Users\gabri\Desktop\PROJETO_PRODAM\SPCF_EXTRACAO\AUDITORIA_DETRAN_COMPLETA\pdfs_spcf_reais\empenhos\empenho_DETRAN_4128.ocr.pdf;78.0;OK
C:\Users\gabri\Desktop\PROJETO_PRODAM\SPCF_EXTRACAO\AUDITORIA_DETRAN_COMPLETA\pdfs_spcf_reais\empenhos\empenho_DETRAN_635.pdf;empenho_DETRAN_635.pdf;ocrmypdf;0.88;2;P2-PARCIAL;C:\Users\gabri\Desktop\PROJETO_PRODAM\SPCF_EXTRACAO\AUDITORIA_DETRAN_COMPLETA\pdfs_spcf_reais\empenhos\empenho_DETRAN_635.ocr.pdf;31.2;OK
C:\Users\gabri\Desktop\PROJETO_PRODAM\SPCF_EXTRACAO\AUDITORIA_DETRAN_COMPLETA\pdfs_spcf_reais\empenhos\empenho_DETRAN_4136.pdf;empenho_DETRAN_4136.pdf;ocrmypdf;0.95;1;P2-PARCIAL;C:\Users\gabri\Desktop\PROJETO_PRODAM\SPCF_EXTRACAO\AUDITORIA_DETRAN_COMPLETA\pdfs_spcf_reais\empenhos\empenho_DETRAN_4136.ocr.pdf;46.5;OK
C:\Users\gabri\Desktop\PROJETO_PRODAM\SPCF_EXTRACAO\AUDITORIA_DETRAN_COMPLETA\pdfs_spcf_reais\empenhos\empenho_DETRAN_4130.pdf;empenho_DETRAN_4130.pdf;ocrmypdf;0.96;1;P2-PARCIAL;C:\Users\gabri\Desktop\PROJETO_PRODAM\SPCF_EXTRACAO\AUDITORIA_DETRAN_COMPLETA\pdfs_spcf_reais\empenhos\empenho_DETRAN_4130.ocr.pdf;101.4;OK
C:\Users\gabri\Desktop\PROJETO_PRODAM\SPCF_EXTRACAO\AUDITORIA_DETRAN_COMPLETA\pdfs_spcf_reais\empenhos\empenho_DETRAN_620.pdf;empenho_DETRAN_620.pdf;ocrmypdf;0.89;18;P2-PARCIAL;C:\Users\gabri\Desktop\PROJETO_PRODAM\SPCF_EXTRACAO\AUDITORIA_DETRAN_COMPLETA\pdfs_spcf_reais\empenhos\empenho_DETRAN_620.ocr.pdf;116.2;OK
C:\Users\gabri\Desktop\PROJETO_PRODAM\SPCF_EXTRACAO\AUDITORIA_DETRAN_COMPLETA\pdfs_spcf_reais\empenhos\empenho_DETRAN_637.pdf;empenho_DETRAN_637.pdf;ocrmypdf;0.93;2;P2-PARCIAL;C:\Users\gabri\Desktop\PROJETO_PRODAM\SPCF_EXTRACAO\AUDITORIA_DETRAN_COMPLETA\pdfs_spcf_reais\empenhos\empenho_DETRAN_637.ocr.pdf;67.5;OK
C:\Users\gabri\Desktop\PROJETO_PRODAM\SPCF_EXTRACAO\AUDITORIA_DETRAN_COMPLETA\pdfs_spcf_reais\empenhos\empenho_DETRAN_641.pdf;empenho_DETRAN_641.pdf;ocrmypdf;0.92;2;P2-PARCIAL;C:\Users\gabri\Desktop\PROJETO_PRODAM\SPCF_EXTRACAO\AUDITORIA_DETRAN_COMPLETA\pdfs_spcf_reais\empenhos\empenho_DETRAN_641.ocr.pdf;64.9;OK
C:\Users\gabri\Desktop\PROJETO_PRODAM\SPCF_EXTRACAO\AUDITORIA_DETRAN_COMPLETA\pdfs_spcf_reais\empenhos\empenho_DETRAN_636.pdf;empenho_DETRAN_636.pdf;ocrmypdf;0.93;2;P2-PARCIAL;C:\Users\gabri\Desktop\PROJETO_PRODAM\SPCF_EXTRACAO\AUDITORIA_DETRAN_COMPLETA\pdfs_spcf_reais\empenhos\empenho_DETRAN_636.ocr.pdf;21.9;OK
C:\Users\gabri\Desktop\PROJETO_PRODAM\SPCF_EXTRACAO\AUDITORIA_DETRAN_COMPLETA\pdfs_spcf_reais\empenhos\empenho_DETRAN_643.pdf;empenho_DETRAN_643.pdf;ocrmypdf;0.93;2;P2-PARCIAL;C:\Users\gabri\Desktop\PROJETO_PRODAM\SPCF_EXTRACAO\AUDITORIA_DETRAN_COMPLETA\pdfs_spcf_reais\empenhos\empenho_DETRAN_643.ocr.pdf;19.1;OK
C:\Users\gabri\Desktop\PROJETO_PRODAM\SPCF_EXTRACAO\AUDITORIA_DETRAN_COMPLETA\pdfs_spcf_reais\empenhos\empenho_DETRAN_639.pdf;empenho_DETRAN_639.pdf;ocrmypdf;0.95;1;P2-PARCIAL;C:\Users\gabri\Desktop\PROJETO_PRODAM\SPCF_EXTRACAO\AUDITORIA_DETRAN_COMPLETA\pdfs_spcf_reais\empenhos\empenho_DETRAN_639.ocr.pdf;69.5;OK
C:\Users\gabri\Desktop\PROJETO_PRODAM\SPCF_EXTRACAO\AUDITORIA_DETRAN_COMPLETA\pdfs_spcf_reais\empenhos\empenho_DETRAN_8250.pdf;empenho_DETRAN_8250.pdf;ocrmypdf;0.93;2;P2-PARCIAL;C:\Users\gabri\Desktop\PROJETO_PRODAM\SPCF_EXTRACAO\AUDITORIA_DETRAN_COMPLETA\pdfs_spcf_reais\empenhos\empenho_DETRAN_8250.ocr.pdf;52.0;OK
C:\Users\gabri\Desktop\PROJETO_PRODAM\SPCF_EXTRACAO\AUDITORIA_DETRAN_COMPLETA\pdfs_spcf_reais\empenhos\empenho_DETRAN_640.pdf;empenho_DETRAN_640.pdf;ocrmypdf;0.93;2;P2-PARCIAL;C:\Users\gabri\Desktop\PROJETO_PRODAM\SPCF_EXTRACAO\AUDITORIA_DETRAN_COMPLETA\pdfs_spcf_reais\empenhos\empenho_DETRAN_640.ocr.pdf;164.4;OK
C:\Users\gabri\Desktop\PROJETO_PRODAM\SPCF_EXTRACAO\AUDITORIA_DETRAN_COMPLETA\pdfs_spcf_reais\empenhos\empenho_DETRAN_644.pdf;empenho_DETRAN_644.pdf;ocrmypdf;0.93;2;P2-PARCIAL;C:\Users\gabri\Desktop\PROJETO_PRODAM\SPCF_EXTRACAO\AUDITORIA_DETRAN_COMPLETA\pdfs_spcf_reais\empenhos\empenho_DETRAN_644.ocr.pdf;72.1;OK
C:\Users\gabri\Desktop\PROJETO_PRODAM\SPCF_EXTRACAO\AUDITORIA_DETRAN_COMPLETA\pdfs_spcf_reais\empenhos\empenho_DETRAN_659.pdf;empenho_DETRAN_659.pdf;ocrmypdf;0.88;2;P2-PARCIAL;C:\Users\gabri\Desktop\PROJETO_PRODAM\SPCF_EXTRACAO\AUDITORIA_DETRAN_COMPLETA\pdfs_spcf_reais\empenhos\empenho_DETRAN_659.ocr.pdf;39.0;OK
C:\Users\gabri\Desktop\PROJETO_PRODAM\SPCF_EXTRACAO\AUDITORIA_DETRAN_COMPLETA\pdfs_spcf_reais\empenhos\empenho_DETRAN_8247.pdf;empenho_DETRAN_8247.pdf;ocrmypdf;0.94;2;P2-PARCIAL;C:\Users\gabri\Desktop\PROJETO_PRODAM\SPCF_EXTRACAO\AUDITORIA_DETRAN_COMPLETA\pdfs_spcf_reais\empenhos\empenho_DETRAN_8247.ocr.pdf;17.5;OK
C:\Users\gabri\Desktop\PROJETO_PRODAM\SPCF_EXTRACAO\AUDITORIA_DETRAN_COMPLETA\pdfs_spcf_reais\empenhos\empenho_DETRAN_8508.pdf;empenho_DETRAN_8508.pdf;ocrmypdf;0.94;2;P2-PARCIAL;C:\Users\gabri\Desktop\PROJETO_PRODAM\SPCF_EXTRACAO\AUDITORIA_DETRAN_COMPLETA\pdfs_spcf_reais\empenhos\empenho_DETRAN_8508.ocr.pdf;28.0;OK
C:\Users\gabri\Desktop\PROJETO_PRODAM\SPCF_EXTRACAO\AUDITORIA_DETRAN_COMPLETA\pdfs_spcf_reais\empenhos\empenho_DETRAN_8402.pdf;empenho_DETRAN_8402.pdf;ocrmypdf;0.96;1;P2-PARCIAL;C:\Users\gabri\Desktop\PROJETO_PRODAM\SPCF_EXTRACAO\AUDITORIA_DETRAN_COMPLETA\pdfs_spcf_reais\empenhos\empenho_DETRAN_8402.ocr.pdf;44.8;OK
C:\Users\gabri\Desktop\PROJETO_PRODAM\SPCF_EXTRACAO\AUDITORIA_DETRAN_COMPLETA\pdfs_spcf_reais\empenhos\empenho_DETRAN_8642.pdf;empenho_DETRAN_8642.pdf;ocrmypdf;0.93;2;P2-PARCIAL;C:\Users\gabri\Desktop\PROJETO_PRODAM\SPCF_EXTRACAO\AUDITORIA_DETRAN_COMPLETA\pdfs_spcf_reais\empenhos\empenho_DETRAN_8642.ocr.pdf;23.2;OK
C:\Users\gabri\Desktop\PROJETO_PRODAM\SPCF_EXTRACAO\AUDITORIA_DETRAN_COMPLETA\pdfs_spcf_reais\empenhos\empenho_DETRAN_8784.pdf;empenho_DETRAN_8784.pdf;ocrmypdf;0.93;2;P2-PARCIAL;C:\Users\gabri\Desktop\PROJETO_PRODAM\SPCF_EXTRACAO\AUDITORIA_DETRAN_COMPLETA\pdfs_spcf_reais\empenhos\empenho_DETRAN_8784.ocr.pdf;129.6;OK
C:\Users\gabri\Desktop\PROJETO_PRODAM\SPCF_EXTRACAO\AUDITORIA_DETRAN_COMPLETA\pdfs_spcf_reais\empenhos\empenho_DETRAN_8857.pdf;empenho_DETRAN_8857.pdf;ocrmypdf;0.93;2;P2-PARCIAL;C:\Users\gabri\Desktop\PROJETO_PRODAM\SPCF_EXTRACAO\AUDITORIA_DETRAN_COMPLETA\pdfs_spcf_reais\empenhos\empenho_DETRAN_8857.ocr.pdf;135.8;OK
C:\Users\gabri\Desktop\PROJETO_PRODAM\SPCF_EXTRACAO\AUDITORIA_DETRAN_COMPLETA\pdfs_spcf_reais\empenhos\empenho_DETRAN_8774.pdf;empenho_DETRAN_8774.pdf;ocrmypdf;0.93;2;P2-PARCIAL;C:\Users\gabri\Desktop\PROJETO_PRODAM\SPCF_EXTRACAO\AUDITORIA_DETRAN_COMPLETA\pdfs_spcf_reais\empenhos\empenho_DETRAN_8774.ocr.pdf;39.3;OK
C:\Users\gabri\Desktop\PROJETO_PRODAM\SPCF_EXTRACAO\AUDITORIA_DETRAN_COMPLETA\pdfs_spcf_reais\empenhos\empenho_DETRAN_948.pdf;empenho_DETRAN_948.pdf;ocrmypdf;0.95;1;P2-PARCIAL;C:\Users\gabri\Desktop\PROJETO_PRODAM\SPCF_EXTRACAO\AUDITORIA_DETRAN_COMPLETA\pdfs_spcf_reais\empenhos\empenho_DETRAN_948.ocr.pdf;60.3;OK
C:\Users\gabri\Desktop\PROJETO_PRODAM\SPCF_EXTRACAO\AUDITORIA_DETRAN_COMPLETA\pdfs_spcf_reais\empenhos\empenho_DETRAN_949.pdf;empenho_DETRAN_949.pdf;ocrmypdf;0.95;1;P2-PARCIAL;C:\Users\gabri\Desktop\PROJETO_PRODAM\SPCF_EXTRACAO\AUDITORIA_DETRAN_COMPLETA\pdfs_spcf_reais\empenhos\empenho_DETRAN_949.ocr.pdf;58.3;OK
C:\Users\gabri\Desktop\PROJETO_PRODAM\SPCF_EXTRACAO\AUDITORIA_DETRAN_COMPLETA\pdfs_spcf_reais\empenhos\empenho_DETRAN_950.pdf;empenho_DETRAN_950.pdf;ocrmypdf;0.96;1;P2-PARCIAL;C:\Users\gabri\Desktop\PROJETO_PRODAM\SPCF_EXTRACAO\AUDITORIA_DETRAN_COMPLETA\pdfs_spcf_reais\empenhos\empenho_DETRAN_950.ocr.pdf;43.8;OK
C:\Users\gabri\Desktop\PROJETO_PRODAM\SPCF_EXTRACAO\AUDITORIA_DETRAN_COMPLETA\pdfs_spcf_reais\empenhos\empenho_DETRAN_8887.pdf;empenho_DETRAN_8887.pdf;ocrmypdf;0.91;2;P2-PARCIAL;C:\Users\gabri\Desktop\PROJETO_PRODAM\SPCF_EXTRACAO\AUDITORIA_DETRAN_COMPLETA\pdfs_spcf_reais\empenhos\empenho_DETRAN_8887.ocr.pdf;49.1;OK
C:\Users\gabri\Desktop\PROJETO_PRODAM\SPCF_EXTRACAO\DETRAN_DOCUMENTACAO\03_EMPENHOS\pdfs_oficiais_SPCF\empenho_DETRAN_10207.pdf;empenho_DETRAN_10207.pdf;ocrmypdf;0.87;1;P2-PARCIAL;C:\Users\gabri\Desktop\PROJETO_PRODAM\SPCF_EXTRACAO\DETRAN_DOCUMENTACAO\03_EMPENHOS\pdfs_oficiais_SPCF\empenho_DETRAN_10207.ocr.pdf;45.0;OK
C:\Users\gabri\Desktop\PROJETO_PRODAM\SPCF_EXTRACAO\DETRAN_DOCUMENTACAO\03_EMPENHOS\pdfs_oficiais_SPCF\empenho_DETRAN_10077.pdf;empenho_DETRAN_10077.pdf;ocrmypdf;0.91;2;P2-PARCIAL;C:\Users\gabri\Desktop\PROJETO_PRODAM\SPCF_EXTRACAO\DETRAN_DOCUMENTACAO\03_EMPENHOS\pdfs_oficiais_SPCF\empenho_DETRAN_10077.ocr.pdf;15.4;OK
C:\Users\gabri\Desktop\PROJETO_PRODAM\SPCF_EXTRACAO\DETRAN_DOCUMENTACAO\03_EMPENHOS\pdfs_oficiais_SPCF\empenho_DETRAN_10208.pdf;empenho_DETRAN_10208.pdf;ocrmypdf;0.87;1;P2-PARCIAL;C:\Users\gabri\Desktop\PROJETO_PRODAM\SPCF_EXTRACAO\DETRAN_DOCUMENTACAO\03_EMPENHOS\pdfs_oficiais_SPCF\empenho_DETRAN_10208.ocr.pdf;12.2;OK
C:\Users\gabri\Desktop\PROJETO_PRODAM\SPCF_EXTRACAO\DETRAN_DOCUMENTACAO\03_EMPENHOS\pdfs_oficiais_SPCF\empenho_DETRAN_10363.pdf;empenho_DETRAN_10363.pdf;ocrmypdf;0.9;2;P2-PARCIAL;C:\Users\gabri\Desktop\PROJETO_PRODAM\SPCF_EXTRACAO\DETRAN_DOCUMENTACAO\03_EMPENHOS\pdfs_oficiais_SPCF\empenho_DETRAN_10363.ocr.pdf;12.6;OK
C:\Users\gabri\Desktop\PROJETO_PRODAM\SPCF_EXTRACAO\DETRAN_DOCUMENTACAO\03_EMPENHOS\pdfs_oficiais_SPCF\empenho_DETRAN_10604.pdf;empenho_DETRAN_10604.pdf;ocrmypdf;0.96;1;P2-PARCIAL;C:\Users\gabri\Desktop\PROJETO_PRODAM\SPCF_EXTRACAO\DETRAN_DOCUMENTACAO\03_EMPENHOS\pdfs_oficiais_SPCF\empenho_DETRAN_10604.ocr.pdf;13.8;OK
C:\Users\gabri\Desktop\PROJETO_PRODAM\SPCF_EXTRACAO\DETRAN_DOCUMENTACAO\03_EMPENHOS\pdfs_oficiais_SPCF\empenho_DETRAN_10601.pdf;empenho_DETRAN_10601.pdf;ocrmypdf;0.97;1;P2-PARCIAL;C:\Users\gabri\Desktop\PROJETO_PRODAM\SPCF_EXTRACAO\DETRAN_DOCUMENTACAO\03_EMPENHOS\pdfs_oficiais_SPCF\empenho_DETRAN_10601.ocr.pdf;77.5;OK
C:\Users\gabri\Desktop\PROJETO_PRODAM\SPCF_EXTRACAO\DETRAN_DOCUMENTACAO\03_EMPENHOS\pdfs_oficiais_SPCF\empenho_DETRAN_10693.pdf;empenho_DETRAN_10693.pdf;ocrmypdf;0.89;2;P2-PARCIAL;C:\Users\gabri\Desktop\PROJETO_PRODAM\SPCF_EXTRACAO\DETRAN_DOCUMENTACAO\03_EMPENHOS\pdfs_oficiais_SPCF\empenho_DETRAN_10693.ocr.pdf;83.3;OK
C:\Users\gabri\Desktop\PROJETO_PRODAM\SPCF_EXTRACAO\DETRAN_DOCUMENTACAO\03_EMPENHOS\pdfs_oficiais_SPCF\empenho_DETRAN_10701.pdf;empenho_DETRAN_10701.pdf;ocrmypdf;0.89;2;P2-PARCIAL;C:\Users\gabri\Desktop\PROJETO_PRODAM\SPCF_EXTRACAO\DETRAN_DOCUMENTACAO\03_EMPENHOS\pdfs_oficiais_SPCF\empenho_DETRAN_10701.ocr.pdf;31.3;OK
C:\Users\gabri\Desktop\PROJETO_PRODAM\SPCF_EXTRACAO\DETRAN_DOCUMENTACAO\03_EMPENHOS\pdfs_oficiais_SPCF\empenho_DETRAN_10694.pdf;empenho_DETRAN_10694.pdf;ocrmypdf;0.91;2;P2-PARCIAL;C:\Users\gabri\Desktop\PROJETO_PRODAM\SPCF_EXTRACAO\DETRAN_DOCUMENTACAO\03_EMPENHOS\pdfs_oficiais_SPCF\empenho_DETRAN_10694.ocr.pdf;27.4;OK
C:\Users\gabri\Desktop\PROJETO_PRODAM\SPCF_EXTRACAO\DETRAN_DOCUMENTACAO\03_EMPENHOS\pdfs_oficiais_SPCF\empenho_DETRAN_11772.pdf;empenho_DETRAN_11772.pdf;ocrmypdf;0.85;2;P2-PARCIAL;C:\Users\gabri\Desktop\PROJETO_PRODAM\SPCF_EXTRACAO\DETRAN_DOCUMENTACAO\03_EMPENHOS\pdfs_oficiais_SPCF\empenho_DETRAN_11772.ocr.pdf;12.5;OK
C:\Users\gabri\Desktop\PROJETO_PRODAM\SPCF_EXTRACAO\DETRAN_DOCUMENTACAO\03_EMPENHOS\pdfs_oficiais_SPCF\empenho_DETRAN_12170.pdf;empenho_DETRAN_12170.pdf;ocrmypdf;0.88;2;P2-PARCIAL;C:\Users\gabri\Desktop\PROJETO_PRODAM\SPCF_EXTRACAO\DETRAN_DOCUMENTACAO\03_EMPENHOS\pdfs_oficiais_SPCF\empenho_DETRAN_12170.ocr.pdf;21.1;OK
C:\Users\gabri\Desktop\PROJETO_PRODAM\SPCF_EXTRACAO\DETRAN_DOCUMENTACAO\03_EMPENHOS\pdfs_oficiais_SPCF\empenho_DETRAN_10699.pdf;empenho_DETRAN_10699.pdf;ocrmypdf;0.89;2;P2-PARCIAL;C:\Users\gabri\Desktop\PROJETO_PRODAM\SPCF_EXTRACAO\DETRAN_DOCUMENTACAO\03_EMPENHOS\pdfs_oficiais_SPCF\empenho_DETRAN_10699.ocr.pdf;31.0;OK
C:\Users\gabri\Desktop\PROJETO_PRODAM\SPCF_EXTRACAO\DETRAN_DOCUMENTACAO\03_EMPENHOS\pdfs_oficiais_SPCF\empenho_DETRAN_11789.pdf;empenho_DETRAN_11789.pdf;ocrmypdf;0.88;2;P2-PARCIAL;C:\Users\gabri\Desktop\PROJETO_PRODAM\SPCF_EXTRACAO\DETRAN_DOCUMENTACAO\03_EMPENHOS\pdfs_oficiais_SPCF\empenho_DETRAN_11789.ocr.pdf;25.1;OK
C:\Users\gabri\Desktop\PROJETO_PRODAM\SPCF_EXTRACAO\DETRAN_DOCUMENTACAO\03_EMPENHOS\pdfs_oficiais_SPCF\empenho_DETRAN_12011.pdf;empenho_DETRAN_12011.pdf;ocrmypdf;0.91;2;P2-PARCIAL;C:\Users\gabri\Desktop\PROJETO_PRODAM\SPCF_EXTRACAO\DETRAN_DOCUMENTACAO\03_EMPENHOS\pdfs_oficiais_SPCF\empenho_DETRAN_12011.ocr.pdf;40.4;OK
C:\Users\gabri\Desktop\PROJETO_PRODAM\SPCF_EXTRACAO\DETRAN_DOCUMENTACAO\03_EMPENHOS\pdfs_oficiais_SPCF\empenho_DETRAN_12297.pdf;empenho_DETRAN_12297.pdf;ocrmypdf;0.92;2;P2-PARCIAL;C:\Users\gabri\Desktop\PROJETO_PRODAM\SPCF_EXTRACAO\DETRAN_DOCUMENTACAO\03_EMPENHOS\pdfs_oficiais_SPCF\empenho_DETRAN_12297.ocr.pdf;42.5;OK
C:\Users\gabri\Desktop\PROJETO_PRODAM\SPCF_EXTRACAO\DETRAN_DOCUMENTACAO\03_EMPENHOS\pdfs_oficiais_SPCF\empenho_DETRAN_12298.pdf;empenho_DETRAN_12298.pdf;ocrmypdf;0.96;1;P2-PARCIAL;C:\Users\gabri\Desktop\PROJETO_PRODAM\SPCF_EXTRACAO\DETRAN_DOCUMENTACAO\03_EMPENHOS\pdfs_oficiais_SPCF\empenho_DETRAN_12298.ocr.pdf;25.4;OK
C:\Users\gabri\Desktop\PROJETO_PRODAM\SPCF_EXTRACAO\DETRAN_DOCUMENTACAO\03_EMPENHOS\pdfs_oficiais_SPCF\empenho_DETRAN_1244.pdf;empenho_DETRAN_1244.pdf;ocrmypdf;0.81;2;P2-PARCIAL;C:\Users\gabri\Desktop\PROJETO_PRODAM\SPCF_EXTRACAO\DETRAN_DOCUMENTACAO\03_EMPENHOS\pdfs_oficiais_SPCF\empenho_DETRAN_1244.ocr.pdf;21.6;OK
C:\Users\gabri\Desktop\PROJETO_PRODAM\SPCF_EXTRACAO\DETRAN_DOCUMENTACAO\03_EMPENHOS\pdfs_oficiais_SPCF\empenho_DETRAN_12345.pdf;empenho_DETRAN_12345.pdf;ocrmypdf;0.96;1;P2-PARCIAL;C:\Users\gabri\Desktop\PROJETO_PRODAM\SPCF_EXTRACAO\DETRAN_DOCUMENTACAO\03_EMPENHOS\pdfs_oficiais_SPCF\empenho_DETRAN_12345.ocr.pdf;24.3;OK
C:\Users\gabri\Desktop\PROJETO_PRODAM\SPCF_EXTRACAO\DETRAN_DOCUMENTACAO\03_EMPENHOS\pdfs_oficiais_SPCF\empenho_DETRAN_12303.pdf;empenho_DETRAN_12303.pdf;ocrmypdf;0.91;2;P2-PARCIAL;C:\Users\gabri\Desktop\PROJETO_PRODAM\SPCF_EXTRACAO\DETRAN_DOCUMENTACAO\03_EMPENHOS\pdfs_oficiais_SPCF\empenho_DETRAN_12303.ocr.pdf;26.7;OK
C:\Users\gabri\Desktop\PROJETO_PRODAM\SPCF_EXTRACAO\DETRAN_DOCUMENTACAO\03_EMPENHOS\pdfs_oficiais_SPCF\empenho_DETRAN_12299.pdf;empenho_DETRAN_12299.pdf;ocrmypdf;0.96;1;P2-PARCIAL;C:\Users\gabri\Desktop\PROJETO_PRODAM\SPCF_EXTRACAO\DETRAN_DOCUMENTACAO\03_EMPENHOS\pdfs_oficiais_SPCF\empenho_DETRAN_12299.ocr.pdf;23.3;OK
C:\Users\gabri\Desktop\PROJETO_PRODAM\SPCF_EXTRACAO\DETRAN_DOCUMENTACAO\03_EMPENHOS\pdfs_oficiais_SPCF\empenho_DETRAN_12983.pdf;empenho_DETRAN_12983.pdf;ocrmypdf;0.91;2;P2-PARCIAL;C:\Users\gabri\Desktop\PROJETO_PRODAM\SPCF_EXTRACAO\DETRAN_DOCUMENTACAO\03_EMPENHOS\pdfs_oficiais_SPCF\empenho_DETRAN_12983.ocr.pdf;30.0;OK
C:\Users\gabri\Desktop\PROJETO_PRODAM\SPCF_EXTRACAO\DETRAN_DOCUMENTACAO\03_EMPENHOS\pdfs_oficiais_SPCF\empenho_DETRAN_12872.pdf;empenho_DETRAN_12872.pdf;ocrmypdf;0.91;2;P2-PARCIAL;C:\Users\gabri\Desktop\PROJETO_PRODAM\SPCF_EXTRACAO\DETRAN_DOCUMENTACAO\03_EMPENHOS\pdfs_oficiais_SPCF\empenho_DETRAN_12872.ocr.pdf;28.5;OK
C:\Users\gabri\Desktop\PROJETO_PRODAM\SPCF_EXTRACAO\DETRAN_DOCUMENTACAO\03_EMPENHOS\pdfs_oficiais_SPCF\empenho_DETRAN_13270.pdf;empenho_DETRAN_13270.pdf;ocrmypdf;0.88;2;P2-PARCIAL;C:\Users\gabri\Desktop\PROJETO_PRODAM\SPCF_EXTRACAO\DETRAN_DOCUMENTACAO\03_EMPENHOS\pdfs_oficiais_SPCF\empenho_DETRAN_13270.ocr.pdf;33.7;OK
C:\Users\gabri\Desktop\PROJETO_PRODAM\SPCF_EXTRACAO\DETRAN_DOCUMENTACAO\03_EMPENHOS\pdfs_oficiais_SPCF\empenho_DETRAN_13100.pdf;empenho_DETRAN_13100.pdf;ocrmypdf;0.91;2;P2-PARCIAL;C:\Users\gabri\Desktop\PROJETO_PRODAM\SPCF_EXTRACAO\DETRAN_DOCUMENTACAO\03_EMPENHOS\pdfs_oficiais_SPCF\empenho_DETRAN_13100.ocr.pdf;22.3;OK
C:\Users\gabri\Desktop\PROJETO_PRODAM\SPCF_EXTRACAO\DETRAN_DOCUMENTACAO\03_EMPENHOS\pdfs_oficiais_SPCF\empenho_DETRAN_13098.pdf;empenho_DETRAN_13098.pdf;ERRO;0.0;0;;;6.3;"ERRO: Unable to get page count.
Syntax Error: Couldn't find trailer dictionary
Syntax Error: Couldn't find trailer dictionary
Syntax Error: Couldn't read xref table
"
C:\Users\gabri\Desktop\PROJETO_PRODAM\SPCF_EXTRACAO\DETRAN_DOCUMENTACAO\03_EMPENHOS\pdfs_oficiais_SPCF\empenho_DETRAN_17409.pdf;empenho_DETRAN_17409.pdf;ocrmypdf;0.89;2;P2-PARCIAL;C:\Users\gabri\Desktop\PROJETO_PRODAM\SPCF_EXTRACAO\DETRAN_DOCUMENTACAO\03_EMPENHOS\pdfs_oficiais_SPCF\empenho_DETRAN_17409.ocr.pdf;37.7;OK
C:\Users\gabri\Desktop\PROJETO_PRODAM\SPCF_EXTRACAO\DETRAN_DOCUMENTACAO\03_EMPENHOS\pdfs_oficiais_SPCF\empenho_DETRAN_13427.pdf;empenho_DETRAN_13427.pdf;ocrmypdf;0.91;2;P2-PARCIAL;C:\Users\gabri\Desktop\PROJETO_PRODAM\SPCF_EXTRACAO\DETRAN_DOCUMENTACAO\03_EMPENHOS\pdfs_oficiais_SPCF\empenho_DETRAN_13427.ocr.pdf;38.9;OK
C:\Users\gabri\Desktop\PROJETO_PRODAM\SPCF_EXTRACAO\DETRAN_DOCUMENTACAO\03_EMPENHOS\pdfs_oficiais_SPCF\empenho_DETRAN_18013.pdf;empenho_DETRAN_18013.pdf;ocrmypdf;0.91;2;P2-PARCIAL;C:\Users\gabri\Desktop\PROJETO_PRODAM\SPCF_EXTRACAO\DETRAN_DOCUMENTACAO\03_EMPENHOS\pdfs_oficiais_SPCF\empenho_DETRAN_18013.ocr.pdf;20.2;OK
C:\Users\gabri\Desktop\PROJETO_PRODAM\SPCF_EXTRACAO\DETRAN_DOCUMENTACAO\03_EMPENHOS\pdfs_oficiais_SPCF\empenho_DETRAN_17131.pdf;empenho_DETRAN_17131.pdf;ocrmypdf;0.61;3;P2-PARCIAL;C:\Users\gabri\Desktop\PROJETO_PRODAM\SPCF_EXTRACAO\DETRAN_DOCUMENTACAO\03_EMPENHOS\pdfs_oficiais_SPCF\empenho_DETRAN_17131.ocr.pdf;32.5;OK
C:\Users\gabri\Desktop\PROJETO_PRODAM\SPCF_EXTRACAO\DETRAN_DOCUMENTACAO\03_EMPENHOS\pdfs_oficiais_SPCF\empenho_DETRAN_18695.pdf;empenho_DETRAN_18695.pdf;ocrmypdf;0.91;3;P2-PARCIAL;C:\Users\gabri\Desktop\PROJETO_PRODAM\SPCF_EXTRACAO\DETRAN_DOCUMENTACAO\03_EMPENHOS\pdfs_oficiais_SPCF\empenho_DETRAN_18695.ocr.pdf;20.2;OK
C:\Users\gabri\Desktop\PROJETO_PRODAM\SPCF_EXTRACAO\DETRAN_DOCUMENTACAO\03_EMPENHOS\pdfs_oficiais_SPCF\empenho_DETRAN_2188.pdf;empenho_DETRAN_2188.pdf;ocrmypdf;0.96;1;P2-PARCIAL;C:\Users\gabri\Desktop\PROJETO_PRODAM\SPCF_EXTRACAO\DETRAN_DOCUMENTACAO\03_EMPENHOS\pdfs_oficiais_SPCF\empenho_DETRAN_2188.ocr.pdf;26.7;OK
C:\Users\gabri\Desktop\PROJETO_PRODAM\SPCF_EXTRACAO\DETRAN_DOCUMENTACAO\03_EMPENHOS\pdfs_oficiais_SPCF\empenho_DETRAN_2189.pdf;empenho_DETRAN_2189.pdf;ocrmypdf;0.96;1;P2-PARCIAL;C:\Users\gabri\Desktop\PROJETO_PRODAM\SPCF_EXTRACAO\DETRAN_DOCUMENTACAO\03_EMPENHOS\pdfs_oficiais_SPCF\empenho_DETRAN_2189.ocr.pdf;32.6;OK
C:\Users\gabri\Desktop\PROJETO_PRODAM\SPCF_EXTRACAO\DETRAN_DOCUMENTACAO\03_EMPENHOS\pdfs_oficiais_SPCF\empenho_DETRAN_2195.pdf;empenho_DETRAN_2195.pdf;ocrmypdf;0.96;1;P2-PARCIAL;C:\Users\gabri\Desktop\PROJETO_PRODAM\SPCF_EXTRACAO\DETRAN_DOCUMENTACAO\03_EMPENHOS\pdfs_oficiais_SPCF\empenho_DETRAN_2195.ocr.pdf;20.6;OK
C:\Users\gabri\Desktop\PROJETO_PRODAM\SPCF_EXTRACAO\DETRAN_DOCUMENTACAO\03_EMPENHOS\pdfs_oficiais_SPCF\empenho_DETRAN_2213.pdf;empenho_DETRAN_2213.pdf;ocrmypdf;0.97;1;P2-PARCIAL;C:\Users\gabri\Desktop\PROJETO_PRODAM\SPCF_EXTRACAO\DETRAN_DOCUMENTACAO\03_EMPENHOS\pdfs_oficiais_SPCF\empenho_DETRAN_2213.ocr.pdf;35.9;OK
C:\Users\gabri\Desktop\PROJETO_PRODAM\SPCF_EXTRACAO\DETRAN_DOCUMENTACAO\03_EMPENHOS\pdfs_oficiais_SPCF\empenho_DETRAN_23236.pdf;empenho_DETRAN_23236.pdf;ocrmypdf;0.89;2;P2-PARCIAL;C:\Users\gabri\Desktop\PROJETO_PRODAM\SPCF_EXTRACAO\DETRAN_DOCUMENTACAO\03_EMPENHOS\pdfs_oficiais_SPCF\empenho_DETRAN_23236.ocr.pdf;39.8;OK
C:\Users\gabri\Desktop\PROJETO_PRODAM\SPCF_EXTRACAO\DETRAN_DOCUMENTACAO\03_EMPENHOS\pdfs_oficiais_SPCF\empenho_DETRAN_23239.pdf;empenho_DETRAN_23239.pdf;ocrmypdf;0.91;1;P2-PARCIAL;C:\Users\gabri\Desktop\PROJETO_PRODAM\SPCF_EXTRACAO\DETRAN_DOCUMENTACAO\03_EMPENHOS\pdfs_oficiais_SPCF\empenho_DETRAN_23239.ocr.pdf;35.1;OK
C:\Users\gabri\Desktop\PROJETO_PRODAM\SPCF_EXTRACAO\DETRAN_DOCUMENTACAO\03_EMPENHOS\pdfs_oficiais_SPCF\empenho_DETRAN_23240.pdf;empenho_DETRAN_23240.pdf;ocrmypdf;0.91;1;P2-PARCIAL;C:\Users\gabri\Desktop\PROJETO_PRODAM\SPCF_EXTRACAO\DETRAN_DOCUMENTACAO\03_EMPENHOS\pdfs_oficiais_SPCF\empenho_DETRAN_23240.ocr.pdf;49.9;OK
C:\Users\gabri\Desktop\PROJETO_PRODAM\SPCF_EXTRACAO\DETRAN_DOCUMENTACAO\03_EMPENHOS\pdfs_oficiais_SPCF\empenho_DETRAN_23238.pdf;empenho_DETRAN_23238.pdf;ocrmypdf;0.91;1;P2-PARCIAL;C:\Users\gabri\Desktop\PROJETO_PRODAM\SPCF_EXTRACAO\DETRAN_DOCUMENTACAO\03_EMPENHOS\pdfs_oficiais_SPCF\empenho_DETRAN_23238.ocr.pdf;39.9;OK
C:\Users\gabri\Desktop\PROJETO_PRODAM\SPCF_EXTRACAO\DETRAN_DOCUMENTACAO\03_EMPENHOS\pdfs_oficiais_SPCF\empenho_DETRAN_23237.pdf;empenho_DETRAN_23237.pdf;ocrmypdf;0.9;1;P2-PARCIAL;C:\Users\gabri\Desktop\PROJETO_PRODAM\SPCF_EXTRACAO\DETRAN_DOCUMENTACAO\03_EMPENHOS\pdfs_oficiais_SPCF\empenho_DETRAN_23237.ocr.pdf;33.5;OK
C:\Users\gabri\Desktop\PROJETO_PRODAM\SPCF_EXTRACAO\DETRAN_DOCUMENTACAO\03_EMPENHOS\pdfs_oficiais_SPCF\empenho_DETRAN_2408.pdf;empenho_DETRAN_2408.pdf;ocrmypdf;0.88;2;P2-PARCIAL;C:\Users\gabri\Desktop\PROJETO_PRODAM\SPCF_EXTRACAO\DETRAN_DOCUMENTACAO\03_EMPENHOS\pdfs_oficiais_SPCF\empenho_DETRAN_2408.ocr.pdf;27.5;OK
C:\Users\gabri\Desktop\PROJETO_PRODAM\SPCF_EXTRACAO\DETRAN_DOCUMENTACAO\03_EMPENHOS\pdfs_oficiais_SPCF\empenho_DETRAN_2443.pdf;empenho_DETRAN_2443.pdf;ocrmypdf;0.93;2;P2-PARCIAL;C:\Users\gabri\Desktop\PROJETO_PRODAM\SPCF_EXTRACAO\DETRAN_DOCUMENTACAO\03_EMPENHOS\pdfs_oficiais_SPCF\empenho_DETRAN_2443.ocr.pdf;26.9;OK
C:\Users\gabri\Desktop\PROJETO_PRODAM\SPCF_EXTRACAO\DETRAN_DOCUMENTACAO\03_EMPENHOS\pdfs_oficiais_SPCF\empenho_DETRAN_2416.pdf;empenho_DETRAN_2416.pdf;ocrmypdf;0.88;2;P2-PARCIAL;C:\Users\gabri\Desktop\PROJETO_PRODAM\SPCF_EXTRACAO\DETRAN_DOCUMENTACAO\03_EMPENHOS\pdfs_oficiais_SPCF\empenho_DETRAN_2416.ocr.pdf;23.5;OK
C:\Users\gabri\Desktop\PROJETO_PRODAM\SPCF_EXTRACAO\DETRAN_DOCUMENTACAO\03_EMPENHOS\pdfs_oficiais_SPCF\empenho_DETRAN_2505.pdf;empenho_DETRAN_2505.pdf;ocrmypdf;0.91;2;P2-PARCIAL;C:\Users\gabri\Desktop\PROJETO_PRODAM\SPCF_EXTRACAO\DETRAN_DOCUMENTACAO\03_EMPENHOS\pdfs_oficiais_SPCF\empenho_DETRAN_2505.ocr.pdf;14.1;OK
C:\Users\gabri\Desktop\PROJETO_PRODAM\SPCF_EXTRACAO\DETRAN_DOCUMENTACAO\03_EMPENHOS\pdfs_oficiais_SPCF\empenho_DETRAN_2515.pdf;empenho_DETRAN_2515.pdf;ocrmypdf;0.87;2;P2-PARCIAL;C:\Users\gabri\Desktop\PROJETO_PRODAM\SPCF_EXTRACAO\DETRAN_DOCUMENTACAO\03_EMPENHOS\pdfs_oficiais_SPCF\empenho_DETRAN_2515.ocr.pdf;20.0;OK
C:\Users\gabri\Desktop\PROJETO_PRODAM\SPCF_EXTRACAO\DETRAN_DOCUMENTACAO\03_EMPENHOS\pdfs_oficiais_SPCF\empenho_DETRAN_2411.pdf;empenho_DETRAN_2411.pdf;ocrmypdf;0.93;2;P2-PARCIAL;C:\Users\gabri\Desktop\PROJETO_PRODAM\SPCF_EXTRACAO\DETRAN_DOCUMENTACAO\03_EMPENHOS\pdfs_oficiais_SPCF\empenho_DETRAN_2411.ocr.pdf;30.6;OK
C:\Users\gabri\Desktop\PROJETO_PRODAM\SPCF_EXTRACAO\DETRAN_DOCUMENTACAO\03_EMPENHOS\pdfs_oficiais_SPCF\empenho_DETRAN_3070.pdf;empenho_DETRAN_3070.pdf;ocrmypdf;0.91;2;P2-PARCIAL;C:\Users\gabri\Desktop\PROJETO_PRODAM\SPCF_EXTRACAO\DETRAN_DOCUMENTACAO\03_EMPENHOS\pdfs_oficiais_SPCF\empenho_DETRAN_3070.ocr.pdf;14.7;OK
C:\Users\gabri\Desktop\PROJETO_PRODAM\SPCF_EXTRACAO\DETRAN_DOCUMENTACAO\03_EMPENHOS\pdfs_oficiais_SPCF\empenho_DETRAN_2457.pdf;empenho_DETRAN_2457.pdf;ocrmypdf;0.91;2;P2-PARCIAL;C:\Users\gabri\Desktop\PROJETO_PRODAM\SPCF_EXTRACAO\DETRAN_DOCUMENTACAO\03_EMPENHOS\pdfs_oficiais_SPCF\empenho_DETRAN_2457.ocr.pdf;24.8;OK
C:\Users\gabri\Desktop\PROJETO_PRODAM\SPCF_EXTRACAO\DETRAN_DOCUMENTACAO\03_EMPENHOS\pdfs_oficiais_SPCF\empenho_DETRAN_2808.pdf;empenho_DETRAN_2808.pdf;ocrmypdf;0.91;2;P2-PARCIAL;C:\Users\gabri\Desktop\PROJETO_PRODAM\SPCF_EXTRACAO\DETRAN_DOCUMENTACAO\03_EMPENHOS\pdfs_oficiais_SPCF\empenho_DETRAN_2808.ocr.pdf;19.9;OK
C:\Users\gabri\Desktop\PROJETO_PRODAM\SPCF_EXTRACAO\DETRAN_DOCUMENTACAO\03_EMPENHOS\pdfs_oficiais_SPCF\empenho_DETRAN_3071.pdf;empenho_DETRAN_3071.pdf;ocrmypdf;0.93;2;P2-PARCIAL;C:\Users\gabri\Desktop\PROJETO_PRODAM\SPCF_EXTRACAO\DETRAN_DOCUMENTACAO\03_EMPENHOS\pdfs_oficiais_SPCF\empenho_DETRAN_3071.ocr.pdf;19.0;OK
C:\Users\gabri\Desktop\PROJETO_PRODAM\SPCF_EXTRACAO\DETRAN_DOCUMENTACAO\03_EMPENHOS\pdfs_oficiais_SPCF\empenho_DETRAN_3193.pdf;empenho_DETRAN_3193.pdf;ocrmypdf;0.96;1;P2-PARCIAL;C:\Users\gabri\Desktop\PROJETO_PRODAM\SPCF_EXTRACAO\DETRAN_DOCUMENTACAO\03_EMPENHOS\pdfs_oficiais_SPCF\empenho_DETRAN_3193.ocr.pdf;9.7;OK
C:\Users\gabri\Desktop\PROJETO_PRODAM\SPCF_EXTRACAO\DETRAN_DOCUMENTACAO\03_EMPENHOS\pdfs_oficiais_SPCF\empenho_DETRAN_3360.pdf;empenho_DETRAN_3360.pdf;ocrmypdf;0.93;2;P2-PARCIAL;C:\Users\gabri\Desktop\PROJETO_PRODAM\SPCF_EXTRACAO\DETRAN_DOCUMENTACAO\03_EMPENHOS\pdfs_oficiais_SPCF\empenho_DETRAN_3360.ocr.pdf;19.9;OK
C:\Users\gabri\Desktop\PROJETO_PRODAM\SPCF_EXTRACAO\DETRAN_DOCUMENTACAO\03_EMPENHOS\pdfs_oficiais_SPCF\empenho_DETRAN_3254.pdf;empenho_DETRAN_3254.pdf;ocrmypdf;0.93;2;P2-PARCIAL;C:\Users\gabri\Desktop\PROJETO_PRODAM\SPCF_EXTRACAO\DETRAN_DOCUMENTACAO\03_EMPENHOS\pdfs_oficiais_SPCF\empenho_DETRAN_3254.ocr.pdf;19.8;OK
C:\Users\gabri\Desktop\PROJETO_PRODAM\SPCF_EXTRACAO\DETRAN_DOCUMENTACAO\03_EMPENHOS\pdfs_oficiais_SPCF\empenho_DETRAN_3207.pdf;empenho_DETRAN_3207.pdf;ocrmypdf;0.96;1;P2-PARCIAL;C:\Users\gabri\Desktop\PROJETO_PRODAM\SPCF_EXTRACAO\DETRAN_DOCUMENTACAO\03_EMPENHOS\pdfs_oficiais_SPCF\empenho_DETRAN_3207.ocr.pdf;35.5;OK
C:\Users\gabri\Desktop\PROJETO_PRODAM\SPCF_EXTRACAO\DETRAN_DOCUMENTACAO\03_EMPENHOS\pdfs_oficiais_SPCF\empenho_DETRAN_3737.pdf;empenho_DETRAN_3737.pdf;ocrmypdf;0.93;2;P2-PARCIAL;C:\Users\gabri\Desktop\PROJETO_PRODAM\SPCF_EXTRACAO\DETRAN_DOCUMENTACAO\03_EMPENHOS\pdfs_oficiais_SPCF\empenho_DETRAN_3737.ocr.pdf;45.9;OK
C:\Users\gabri\Desktop\PROJETO_PRODAM\SPCF_EXTRACAO\DETRAN_DOCUMENTACAO\03_EMPENHOS\pdfs_oficiais_SPCF\empenho_DETRAN_3361.pdf;empenho_DETRAN_3361.pdf;ocrmypdf;0.93;2;P2-PARCIAL;C:\Users\gabri\Desktop\PROJETO_PRODAM\SPCF_EXTRACAO\DETRAN_DOCUMENTACAO\03_EMPENHOS\pdfs_oficiais_SPCF\empenho_DETRAN_3361.ocr.pdf;13.1;OK
C:\Users\gabri\Desktop\PROJETO_PRODAM\SPCF_EXTRACAO\DETRAN_DOCUMENTACAO\03_EMPENHOS\pdfs_oficiais_SPCF\empenho_DETRAN_3733.pdf;empenho_DETRAN_3733.pdf;ocrmypdf;0.94;2;P2-PARCIAL;C:\Users\gabri\Desktop\PROJETO_PRODAM\SPCF_EXTRACAO\DETRAN_DOCUMENTACAO\03_EMPENHOS\pdfs_oficiais_SPCF\empenho_DETRAN_3733.ocr.pdf;9.3;OK
C:\Users\gabri\Desktop\PROJETO_PRODAM\SPCF_EXTRACAO\DETRAN_DOCUMENTACAO\03_EMPENHOS\pdfs_oficiais_SPCF\empenho_DETRAN_4113.pdf;empenho_DETRAN_4113.pdf;ocrmypdf;0.96;1;P2-PARCIAL;C:\Users\gabri\Desktop\PROJETO_PRODAM\SPCF_EXTRACAO\DETRAN_DOCUMENTACAO\03_EMPENHOS\pdfs_oficiais_SPCF\empenho_DETRAN_4113.ocr.pdf;16.6;OK
C:\Users\gabri\Desktop\PROJETO_PRODAM\SPCF_EXTRACAO\DETRAN_DOCUMENTACAO\03_EMPENHOS\pdfs_oficiais_SPCF\empenho_DETRAN_3738.pdf;empenho_DETRAN_3738.pdf;ocrmypdf;0.93;2;P2-PARCIAL;C:\Users\gabri\Desktop\PROJETO_PRODAM\SPCF_EXTRACAO\DETRAN_DOCUMENTACAO\03_EMPENHOS\pdfs_oficiais_SPCF\empenho_DETRAN_3738.ocr.pdf;9.2;OK
C:\Users\gabri\Desktop\PROJETO_PRODAM\SPCF_EXTRACAO\DETRAN_DOCUMENTACAO\03_EMPENHOS\pdfs_oficiais_SPCF\empenho_DETRAN_4114.pdf;empenho_DETRAN_4114.pdf;ocrmypdf;0.96;1;P2-PARCIAL;C:\Users\gabri\Desktop\PROJETO_PRODAM\SPCF_EXTRACAO\DETRAN_DOCUMENTACAO\03_EMPENHOS\pdfs_oficiais_SPCF\empenho_DETRAN_4114.ocr.pdf;66.2;OK
C:\Users\gabri\Desktop\PROJETO_PRODAM\SPCF_EXTRACAO\DETRAN_DOCUMENTACAO\03_EMPENHOS\pdfs_oficiais_SPCF\empenho_DETRAN_4121.pdf;empenho_DETRAN_4121.pdf;ocrmypdf;0.96;1;P2-PARCIAL;C:\Users\gabri\Desktop\PROJETO_PRODAM\SPCF_EXTRACAO\DETRAN_DOCUMENTACAO\03_EMPENHOS\pdfs_oficiais_SPCF\empenho_DETRAN_4121.ocr.pdf;66.9;OK
C:\Users\gabri\Desktop\PROJETO_PRODAM\SPCF_EXTRACAO\DETRAN_DOCUMENTACAO\03_EMPENHOS\pdfs_oficiais_SPCF\empenho_DETRAN_4128.pdf;empenho_DETRAN_4128.pdf;ocrmypdf;0.96;1;P2-PARCIAL;C:\Users\gabri\Desktop\PROJETO_PRODAM\SPCF_EXTRACAO\DETRAN_DOCUMENTACAO\03_EMPENHOS\pdfs_oficiais_SPCF\empenho_DETRAN_4128.ocr.pdf;36.1;OK
C:\Users\gabri\Desktop\PROJETO_PRODAM\SPCF_EXTRACAO\DETRAN_DOCUMENTACAO\03_EMPENHOS\pdfs_oficiais_SPCF\empenho_DETRAN_4125.pdf;empenho_DETRAN_4125.pdf;ocrmypdf;0.95;1;P2-PARCIAL;C:\Users\gabri\Desktop\PROJETO_PRODAM\SPCF_EXTRACAO\DETRAN_DOCUMENTACAO\03_EMPENHOS\pdfs_oficiais_SPCF\empenho_DETRAN_4125.ocr.pdf;34.9;OK
C:\Users\gabri\Desktop\PROJETO_PRODAM\SPCF_EXTRACAO\DETRAN_DOCUMENTACAO\03_EMPENHOS\pdfs_oficiais_SPCF\empenho_DETRAN_4126.pdf;empenho_DETRAN_4126.pdf;ocrmypdf;0.96;1;P2-PARCIAL;C:\Users\gabri\Desktop\PROJETO_PRODAM\SPCF_EXTRACAO\DETRAN_DOCUMENTACAO\03_EMPENHOS\pdfs_oficiais_SPCF\empenho_DETRAN_4126.ocr.pdf;19.2;OK
C:\Users\gabri\Desktop\PROJETO_PRODAM\SPCF_EXTRACAO\DETRAN_DOCUMENTACAO\03_EMPENHOS\pdfs_oficiais_SPCF\empenho_DETRAN_4130.pdf;empenho_DETRAN_4130.pdf;ocrmypdf;0.96;1;P2-PARCIAL;C:\Users\gabri\Desktop\PROJETO_PRODAM\SPCF_EXTRACAO\DETRAN_DOCUMENTACAO\03_EMPENHOS\pdfs_oficiais_SPCF\empenho_DETRAN_4130.ocr.pdf;21.3;OK
C:\Users\gabri\Desktop\PROJETO_PRODAM\SPCF_EXTRACAO\DETRAN_DOCUMENTACAO\03_EMPENHOS\pdfs_oficiais_SPCF\empenho_DETRAN_635.pdf;empenho_DETRAN_635.pdf;ocrmypdf;0.88;2;P2-PARCIAL;C:\Users\gabri\Desktop\PROJETO_PRODAM\SPCF_EXTRACAO\DETRAN_DOCUMENTACAO\03_EMPENHOS\pdfs_oficiais_SPCF\empenho_DETRAN_635.ocr.pdf;15.4;OK
C:\Users\gabri\Desktop\PROJETO_PRODAM\SPCF_EXTRACAO\DETRAN_DOCUMENTACAO\03_EMPENHOS\pdfs_oficiais_SPCF\empenho_DETRAN_4136.pdf;empenho_DETRAN_4136.pdf;ocrmypdf;0.95;1;P2-PARCIAL;C:\Users\gabri\Desktop\PROJETO_PRODAM\SPCF_EXTRACAO\DETRAN_DOCUMENTACAO\03_EMPENHOS\pdfs_oficiais_SPCF\empenho_DETRAN_4136.ocr.pdf;27.3;OK
C:\Users\gabri\Desktop\PROJETO_PRODAM\SPCF_EXTRACAO\DETRAN_DOCUMENTACAO\03_EMPENHOS\pdfs_oficiais_SPCF\empenho_DETRAN_4134.pdf;empenho_DETRAN_4134.pdf;ocrmypdf;0.95;1;P2-PARCIAL;C:\Users\gabri\Desktop\PROJETO_PRODAM\SPCF_EXTRACAO\DETRAN_DOCUMENTACAO\03_EMPENHOS\pdfs_oficiais_SPCF\empenho_DETRAN_4134.ocr.pdf;21.5;OK
C:\Users\gabri\Desktop\PROJETO_PRODAM\SPCF_EXTRACAO\DETRAN_DOCUMENTACAO\03_EMPENHOS\pdfs_oficiais_SPCF\empenho_DETRAN_620.pdf;empenho_DETRAN_620.pdf;ocrmypdf;0.89;18;P2-PARCIAL;C:\Users\gabri\Desktop\PROJETO_PRODAM\SPCF_EXTRACAO\DETRAN_DOCUMENTACAO\03_EMPENHOS\pdfs_oficiais_SPCF\empenho_DETRAN_620.ocr.pdf;37.5;OK
C:\Users\gabri\Desktop\PROJETO_PRODAM\SPCF_EXTRACAO\DETRAN_DOCUMENTACAO\03_EMPENHOS\pdfs_oficiais_SPCF\empenho_DETRAN_639.pdf;empenho_DETRAN_639.pdf;ocrmypdf;0.95;1;P2-PARCIAL;C:\Users\gabri\Desktop\PROJETO_PRODAM\SPCF_EXTRACAO\DETRAN_DOCUMENTACAO\03_EMPENHOS\pdfs_oficiais_SPCF\empenho_DETRAN_639.ocr.pdf;31.3;OK
C:\Users\gabri\Desktop\PROJETO_PRODAM\SPCF_EXTRACAO\DETRAN_DOCUMENTACAO\03_EMPENHOS\pdfs_oficiais_SPCF\empenho_DETRAN_640.pdf;empenho_DETRAN_640.pdf;ocrmypdf;0.93;2;P2-PARCIAL;C:\Users\gabri\Desktop\PROJETO_PRODAM\SPCF_EXTRACAO\DETRAN_DOCUMENTACAO\03_EMPENHOS\pdfs_oficiais_SPCF\empenho_DETRAN_640.ocr.pdf;36.6;OK
C:\Users\gabri\Desktop\PROJETO_PRODAM\SPCF_EXTRACAO\DETRAN_DOCUMENTACAO\03_EMPENHOS\pdfs_oficiais_SPCF\empenho_DETRAN_636.pdf;empenho_DETRAN_636.pdf;ocrmypdf;0.93;2;P2-PARCIAL;C:\Users\gabri\Desktop\PROJETO_PRODAM\SPCF_EXTRACAO\DETRAN_DOCUMENTACAO\03_EMPENHOS\pdfs_oficiais_SPCF\empenho_DETRAN_636.ocr.pdf;26.4;OK
C:\Users\gabri\Desktop\PROJETO_PRODAM\SPCF_EXTRACAO\DETRAN_DOCUMENTACAO\03_EMPENHOS\pdfs_oficiais_SPCF\empenho_DETRAN_637.pdf;empenho_DETRAN_637.pdf;ocrmypdf;0.93;2;P2-PARCIAL;C:\Users\gabri\Desktop\PROJETO_PRODAM\SPCF_EXTRACAO\DETRAN_DOCUMENTACAO\03_EMPENHOS\pdfs_oficiais_SPCF\empenho_DETRAN_637.ocr.pdf;28.3;OK
C:\Users\gabri\Desktop\PROJETO_PRODAM\SPCF_EXTRACAO\DETRAN_DOCUMENTACAO\03_EMPENHOS\pdfs_oficiais_SPCF\empenho_DETRAN_641.pdf;empenho_DETRAN_641.pdf;ocrmypdf;0.92;2;P2-PARCIAL;C:\Users\gabri\Desktop\PROJETO_PRODAM\SPCF_EXTRACAO\DETRAN_DOCUMENTACAO\03_EMPENHOS\pdfs_oficiais_SPCF\empenho_DETRAN_641.ocr.pdf;27.4;OK
C:\Users\gabri\Desktop\PROJETO_PRODAM\SPCF_EXTRACAO\DETRAN_DOCUMENTACAO\03_EMPENHOS\pdfs_oficiais_SPCF\empenho_DETRAN_643.pdf;empenho_DETRAN_643.pdf;ocrmypdf;0.93;2;P2-PARCIAL;C:\Users\gabri\Desktop\PROJETO_PRODAM\SPCF_EXTRACAO\DETRAN_DOCUMENTACAO\03_EMPENHOS\pdfs_oficiais_SPCF\empenho_DETRAN_643.ocr.pdf;36.4;OK
C:\Users\gabri\Desktop\PROJETO_PRODAM\SPCF_EXTRACAO\DETRAN_DOCUMENTACAO\03_EMPENHOS\pdfs_oficiais_SPCF\empenho_DETRAN_644.pdf;empenho_DETRAN_644.pdf;ocrmypdf;0.93;2;P2-PARCIAL;C:\Users\gabri\Desktop\PROJETO_PRODAM\SPCF_EXTRACAO\DETRAN_DOCUMENTACAO\03_EMPENHOS\pdfs_oficiais_SPCF\empenho_DETRAN_644.ocr.pdf;39.1;OK
C:\Users\gabri\Desktop\PROJETO_PRODAM\SPCF_EXTRACAO\DETRAN_DOCUMENTACAO\03_EMPENHOS\pdfs_oficiais_SPCF\empenho_DETRAN_659.pdf;empenho_DETRAN_659.pdf;ocrmypdf;0.88;2;P2-PARCIAL;C:\Users\gabri\Desktop\PROJETO_PRODAM\SPCF_EXTRACAO\DETRAN_DOCUMENTACAO\03_EMPENHOS\pdfs_oficiais_SPCF\empenho_DETRAN_659.ocr.pdf;36.4;OK
C:\Users\gabri\Desktop\PROJETO_PRODAM\SPCF_EXTRACAO\DETRAN_DOCUMENTACAO\03_EMPENHOS\pdfs_oficiais_SPCF\empenho_DETRAN_8642.pdf;empenho_DETRAN_8642.pdf;ocrmypdf;0.93;2;P2-PARCIAL;C:\Users\gabri\Desktop\PROJETO_PRODAM\SPCF_EXTRACAO\DETRAN_DOCUMENTACAO\03_EMPENHOS\pdfs_oficiais_SPCF\empenho_DETRAN_8642.ocr.pdf;23.1;OK
C:\Users\gabri\Desktop\PROJETO_PRODAM\SPCF_EXTRACAO\DETRAN_DOCUMENTACAO\03_EMPENHOS\pdfs_oficiais_SPCF\empenho_DETRAN_8402.pdf;empenho_DETRAN_8402.pdf;ocrmypdf;0.96;1;P2-PARCIAL;C:\Users\gabri\Desktop\PROJETO_PRODAM\SPCF_EXTRACAO\DETRAN_DOCUMENTACAO\03_EMPENHOS\pdfs_oficiais_SPCF\empenho_DETRAN_8402.ocr.pdf;38.3;OK
C:\Users\gabri\Desktop\PROJETO_PRODAM\SPCF_EXTRACAO\DETRAN_DOCUMENTACAO\03_EMPENHOS\pdfs_oficiais_SPCF\empenho_DETRAN_8247.pdf;empenho_DETRAN_8247.pdf;ocrmypdf;0.94;2;P2-PARCIAL;C:\Users\gabri\Desktop\PROJETO_PRODAM\SPCF_EXTRACAO\DETRAN_DOCUMENTACAO\03_EMPENHOS\pdfs_oficiais_SPCF\empenho_DETRAN_8247.ocr.pdf;18.7;OK
C:\Users\gabri\Desktop\PROJETO_PRODAM\SPCF_EXTRACAO\DETRAN_DOCUMENTACAO\03_EMPENHOS\pdfs_oficiais_SPCF\empenho_DETRAN_8774.pdf;empenho_DETRAN_8774.pdf;ocrmypdf;0.93;2;P2-PARCIAL;C:\Users\gabri\Desktop\PROJETO_PRODAM\SPCF_EXTRACAO\DETRAN_DOCUMENTACAO\03_EMPENHOS\pdfs_oficiais_SPCF\empenho_DETRAN_8774.ocr.pdf;39.5;OK
C:\Users\gabri\Desktop\PROJETO_PRODAM\SPCF_EXTRACAO\DETRAN_DOCUMENTACAO\03_EMPENHOS\pdfs_oficiais_SPCF\empenho_DETRAN_8784.pdf;empenho_DETRAN_8784.pdf;ocrmypdf;0.93;2;P2-PARCIAL;C:\Users\gabri\Desktop\PROJETO_PRODAM\SPCF_EXTRACAO\DETRAN_DOCUMENTACAO\03_EMPENHOS\pdfs_oficiais_SPCF\empenho_DETRAN_8784.ocr.pdf;38.6;OK
C:\Users\gabri\Desktop\PROJETO_PRODAM\SPCF_EXTRACAO\DETRAN_DOCUMENTACAO\03_EMPENHOS\pdfs_oficiais_SPCF\empenho_DETRAN_8250.pdf;empenho_DETRAN_8250.pdf;ocrmypdf;0.93;2;P2-PARCIAL;C:\Users\gabri\Desktop\PROJETO_PRODAM\SPCF_EXTRACAO\DETRAN_DOCUMENTACAO\03_EMPENHOS\pdfs_oficiais_SPCF\empenho_DETRAN_8250.ocr.pdf;14.1;OK
C:\Users\gabri\Desktop\PROJETO_PRODAM\SPCF_EXTRACAO\DETRAN_DOCUMENTACAO\03_EMPENHOS\pdfs_oficiais_SPCF\empenho_DETRAN_8508.pdf;empenho_DETRAN_8508.pdf;ocrmypdf;0.94;2;P2-PARCIAL;C:\Users\gabri\Desktop\PROJETO_PRODAM\SPCF_EXTRACAO\DETRAN_DOCUMENTACAO\03_EMPENHOS\pdfs_oficiais_SPCF\empenho_DETRAN_8508.ocr.pdf;12.4;OK
C:\Users\gabri\Desktop\PROJETO_PRODAM\SPCF_EXTRACAO\DETRAN_DOCUMENTACAO\03_EMPENHOS\pdfs_oficiais_SPCF\empenho_DETRAN_8857.pdf;empenho_DETRAN_8857.pdf;ocrmypdf;0.93;2;P2-PARCIAL;C:\Users\gabri\Desktop\PROJETO_PRODAM\SPCF_EXTRACAO\DETRAN_DOCUMENTACAO\03_EMPENHOS\pdfs_oficiais_SPCF\empenho_DETRAN_8857.ocr.pdf;28.5;OK
C:\Users\gabri\Desktop\PROJETO_PRODAM\SPCF_EXTRACAO\DETRAN_DOCUMENTACAO\03_EMPENHOS\pdfs_oficiais_SPCF\empenho_DETRAN_8887.pdf;empenho_DETRAN_8887.pdf;ocrmypdf;0.91;2;P2-PARCIAL;C:\Users\gabri\Desktop\PROJETO_PRODAM\SPCF_EXTRACAO\DETRAN_DOCUMENTACAO\03_EMPENHOS\pdfs_oficiais_SPCF\empenho_DETRAN_8887.ocr.pdf;24.6;OK
C:\Users\gabri\Desktop\PROJETO_PRODAM\SPCF_EXTRACAO\DETRAN_DOCUMENTACAO\03_EMPENHOS\pdfs_oficiais_SPCF\empenho_DETRAN_948.pdf;empenho_DETRAN_948.pdf;ocrmypdf;0.95;1;P2-PARCIAL;C:\Users\gabri\Desktop\PROJETO_PRODAM\SPCF_EXTRACAO\DETRAN_DOCUMENTACAO\03_EMPENHOS\pdfs_oficiais_SPCF\empenho_DETRAN_948.ocr.pdf;28.1;OK
C:\Users\gabri\Desktop\PROJETO_PRODAM\SPCF_EXTRACAO\DETRAN_DOCUMENTACAO\03_EMPENHOS\pdfs_oficiais_SPCF\empenho_DETRAN_949.pdf;empenho_DETRAN_949.pdf;ocrmypdf;0.95;1;P2-PARCIAL;C:\Users\gabri\Desktop\PROJETO_PRODAM\SPCF_EXTRACAO\DETRAN_DOCUMENTACAO\03_EMPENHOS\pdfs_oficiais_SPCF\empenho_DETRAN_949.ocr.pdf;28.1;OK
C:\Users\gabri\Desktop\PROJETO_PRODAM\PRODAM_DOCS\DETRAN_CONSOLIDADO\01_CONTRATOS\075.2022 - PRODAM - TERCEIRO TERMO ADITIVO - ASSINADO.pdf;075.2022 - PRODAM - TERCEIRO TERMO ADITIVO - ASSINADO.pdf;ocrmypdf;0.89;3;P2-PARCIAL;C:\Users\gabri\Desktop\PROJETO_PRODAM\PRODAM_DOCS\DETRAN_CONSOLIDADO\01_CONTRATOS\075.2022 - PRODAM - TERCEIRO TERMO ADITIVO - ASSINADO.ocr.pdf;23.0;OK
C:\Users\gabri\Desktop\PROJETO_PRODAM\SPCF_EXTRACAO\DETRAN_DOCUMENTACAO\03_EMPENHOS\pdfs_oficiais_SPCF\empenho_DETRAN_950.pdf;empenho_DETRAN_950.pdf;ocrmypdf;0.96;1;P2-PARCIAL;C:\Users\gabri\Desktop\PROJETO_PRODAM\SPCF_EXTRACAO\DETRAN_DOCUMENTACAO\03_EMPENHOS\pdfs_oficiais_SPCF\empenho_DETRAN_950.ocr.pdf;32.1;OK
C:\Users\gabri\Desktop\PROJETO_PRODAM\PRODAM_DOCS\DETRAN_CONSOLIDADO\01_CONTRATOS\1º TA ao Contrato 25.14-SUPRESSAO.pdf;1º TA ao Contrato 25.14-SUPRESSAO.pdf;ocrmypdf;0.86;8;P2-PARCIAL;C:\Users\gabri\Desktop\PROJETO_PRODAM\PRODAM_DOCS\DETRAN_CONSOLIDADO\01_CONTRATOS\1º TA ao Contrato 25.14-SUPRESSAO.ocr.pdf;51.8;OK
C:\Users\gabri\Desktop\PROJETO_PRODAM\PRODAM_DOCS\DETRAN_CONSOLIDADO\01_CONTRATOS\1º TA Contrato 004.2016 Prazo.pdf;1º TA Contrato 004.2016 Prazo.pdf;ocrmypdf;0.91;7;P2-PARCIAL;C:\Users\gabri\Desktop\PROJETO_PRODAM\PRODAM_DOCS\DETRAN_CONSOLIDADO\01_CONTRATOS\1º TA Contrato 004.2016 Prazo.ocr.pdf;114.1;OK
C:\Users\gabri\Desktop\PROJETO_PRODAM\PRODAM_DOCS\DETRAN_CONSOLIDADO\01_CONTRATOS\1º TA Contrato 27.14-SUPRESSAO.pdf;1º TA Contrato 27.14-SUPRESSAO.pdf;ocrmypdf;0.88;8;P2-PARCIAL;C:\Users\gabri\Desktop\PROJETO_PRODAM\PRODAM_DOCS\DETRAN_CONSOLIDADO\01_CONTRATOS\1º TA Contrato 27.14-SUPRESSAO.ocr.pdf;110.0;OK
C:\Users\gabri\Desktop\PROJETO_PRODAM\PRODAM_DOCS\DETRAN_CONSOLIDADO\01_CONTRATOS\1º TA Contrato 083.2022 - Prazo.pdf;1º TA Contrato 083.2022 - Prazo.pdf;ocrmypdf;0.91;6;P2-PARCIAL;C:\Users\gabri\Desktop\PROJETO_PRODAM\PRODAM_DOCS\DETRAN_CONSOLIDADO\01_CONTRATOS\1º TA Contrato 083.2022 - Prazo.ocr.pdf;70.3;OK
C:\Users\gabri\Desktop\PROJETO_PRODAM\PRODAM_DOCS\DETRAN_CONSOLIDADO\01_CONTRATOS\1º TA Contrato 017.2015.pdf;1º TA Contrato 017.2015.pdf;ocrmypdf;0.9;8;P2-PARCIAL;C:\Users\gabri\Desktop\PROJETO_PRODAM\PRODAM_DOCS\DETRAN_CONSOLIDADO\01_CONTRATOS\1º TA Contrato 017.2015.ocr.pdf;49.1;OK
C:\Users\gabri\Desktop\PROJETO_PRODAM\PRODAM_DOCS\DETRAN_CONSOLIDADO\01_CONTRATOS\1º TA do Contrato 010.2021 - Prazo.pdf;1º TA do Contrato 010.2021 - Prazo.pdf;ocrmypdf;0.89;11;P2-PARCIAL;C:\Users\gabri\Desktop\PROJETO_PRODAM\PRODAM_DOCS\DETRAN_CONSOLIDADO\01_CONTRATOS\1º TA do Contrato 010.2021 - Prazo.ocr.pdf;50.0;OK
C:\Users\gabri\Desktop\PROJETO_PRODAM\PRODAM_DOCS\DETRAN_CONSOLIDADO\01_CONTRATOS\1º TA do Contrato 012.2021 - Prazo.pdf;1º TA do Contrato 012.2021 - Prazo.pdf;ocrmypdf;0.91;7;P2-PARCIAL;C:\Users\gabri\Desktop\PROJETO_PRODAM\PRODAM_DOCS\DETRAN_CONSOLIDADO\01_CONTRATOS\1º TA do Contrato 012.2021 - Prazo.ocr.pdf;61.3;OK
C:\Users\gabri\Desktop\PROJETO_PRODAM\PRODAM_DOCS\DETRAN_CONSOLIDADO\01_CONTRATOS\1ºTA CONTRATO 22.2014-SUPLEMENTAÇÃO 25%.pdf;1ºTA CONTRATO 22.2014-SUPLEMENTAÇÃO 25%.pdf;ocrmypdf;0.45;16;P2-PARCIAL;C:\Users\gabri\Desktop\PROJETO_PRODAM\PRODAM_DOCS\DETRAN_CONSOLIDADO\01_CONTRATOS\1ºTA CONTRATO 22.2014-SUPLEMENTAÇÃO 25%.ocr.pdf;104.2;OK
C:\Users\gabri\Desktop\PROJETO_PRODAM\PRODAM_DOCS\DETRAN_CONSOLIDADO\01_CONTRATOS\2º TA ao Contrato 006.2021 - Prazo.pdf;2º TA ao Contrato 006.2021 - Prazo.pdf;ocrmypdf;0.87;11;P2-PARCIAL;C:\Users\gabri\Desktop\PROJETO_PRODAM\PRODAM_DOCS\DETRAN_CONSOLIDADO\01_CONTRATOS\2º TA ao Contrato 006.2021 - Prazo.ocr.pdf;103.1;OK
C:\Users\gabri\Desktop\PROJETO_PRODAM\PRODAM_DOCS\DETRAN_CONSOLIDADO\01_CONTRATOS\2° TA ao contrato 004.2016-prorrogação de prazo.pdf;2° TA ao contrato 004.2016-prorrogação de prazo.pdf;ocrmypdf;0.89;7;P2-PARCIAL;C:\Users\gabri\Desktop\PROJETO_PRODAM\PRODAM_DOCS\DETRAN_CONSOLIDADO\01_CONTRATOS\2° TA ao contrato 004.2016-prorrogação de prazo.ocr.pdf;40.4;OK
C:\Users\gabri\Desktop\PROJETO_PRODAM\PRODAM_DOCS\DETRAN_CONSOLIDADO\01_CONTRATOS\2º TA Contrato 017.2015.pdf;2º TA Contrato 017.2015.pdf;ocrmypdf;0.9;7;P2-PARCIAL;C:\Users\gabri\Desktop\PROJETO_PRODAM\PRODAM_DOCS\DETRAN_CONSOLIDADO\01_CONTRATOS\2º TA Contrato 017.2015.ocr.pdf;44.3;OK
C:\Users\gabri\Desktop\PROJETO_PRODAM\PRODAM_DOCS\DETRAN_CONSOLIDADO\01_CONTRATOS\2º  TA ao Contrato 25.2014.pdf;2º  TA ao Contrato 25.2014.pdf;ocrmypdf;0.93;6;P2-PARCIAL;C:\Users\gabri\Desktop\PROJETO_PRODAM\PRODAM_DOCS\DETRAN_CONSOLIDADO\01_CONTRATOS\2º  TA ao Contrato 25.2014.ocr.pdf;74.0;OK
C:\Users\gabri\Desktop\PROJETO_PRODAM\PRODAM_DOCS\DETRAN_CONSOLIDADO\01_CONTRATOS\2º TA Contrato 27.2014.pdf;2º TA Contrato 27.2014.pdf;ocrmypdf;0.89;7;P2-PARCIAL;C:\Users\gabri\Desktop\PROJETO_PRODAM\PRODAM_DOCS\DETRAN_CONSOLIDADO\01_CONTRATOS\2º TA Contrato 27.2014.ocr.pdf;69.5;OK
C:\Users\gabri\Desktop\PROJETO_PRODAM\PRODAM_DOCS\DETRAN_CONSOLIDADO\01_CONTRATOS\2º TA do Contrato 012.2021 - Prazo.pdf;2º TA do Contrato 012.2021 - Prazo.pdf;ocrmypdf;0.91;8;P2-PARCIAL;C:\Users\gabri\Desktop\PROJETO_PRODAM\PRODAM_DOCS\DETRAN_CONSOLIDADO\01_CONTRATOS\2º TA do Contrato 012.2021 - Prazo.ocr.pdf;38.4;OK
C:\Users\gabri\Desktop\PROJETO_PRODAM\PRODAM_DOCS\DETRAN_CONSOLIDADO\01_CONTRATOS\3º TA ao Contrato 25.2014.pdf;3º TA ao Contrato 25.2014.pdf;ocrmypdf;0.9;8;P2-PARCIAL;C:\Users\gabri\Desktop\PROJETO_PRODAM\PRODAM_DOCS\DETRAN_CONSOLIDADO\01_CONTRATOS\3º TA ao Contrato 25.2014.ocr.pdf;46.4;OK
C:\Users\gabri\Desktop\PROJETO_PRODAM\PRODAM_DOCS\DETRAN_CONSOLIDADO\01_CONTRATOS\3º TA Contrato 004.2016 Prazo Of 3216.19.pdf;3º TA Contrato 004.2016 Prazo Of 3216.19.pdf;ocrmypdf;0.86;8;P2-PARCIAL;C:\Users\gabri\Desktop\PROJETO_PRODAM\PRODAM_DOCS\DETRAN_CONSOLIDADO\01_CONTRATOS\3º TA Contrato 004.2016 Prazo Of 3216.19.ocr.pdf;34.9;OK
C:\Users\gabri\Desktop\PROJETO_PRODAM\PRODAM_DOCS\DETRAN_CONSOLIDADO\01_CONTRATOS\2ºTA CONTRATO 22.2014-Prrogacao de prazo.pdf;2ºTA CONTRATO 22.2014-Prrogacao de prazo.pdf;ocrmypdf;0.89;7;P2-PARCIAL;C:\Users\gabri\Desktop\PROJETO_PRODAM\PRODAM_DOCS\DETRAN_CONSOLIDADO\01_CONTRATOS\2ºTA CONTRATO 22.2014-Prrogacao de prazo.ocr.pdf;85.8;OK
C:\Users\gabri\Desktop\PROJETO_PRODAM\PRODAM_DOCS\DETRAN_CONSOLIDADO\01_CONTRATOS\3º TA Contrato 017.2015-Prazo.pdf;3º TA Contrato 017.2015-Prazo.pdf;ocrmypdf;0.79;9;P2-PARCIAL;C:\Users\gabri\Desktop\PROJETO_PRODAM\PRODAM_DOCS\DETRAN_CONSOLIDADO\01_CONTRATOS\3º TA Contrato 017.2015-Prazo.ocr.pdf;49.9;OK
C:\Users\gabri\Desktop\PROJETO_PRODAM\PRODAM_DOCS\DETRAN_CONSOLIDADO\01_CONTRATOS\3º TA CT 022.14 - Prazo.pdf;3º TA CT 022.14 - Prazo.pdf;ocrmypdf;0.5;18;P2-PARCIAL;C:\Users\gabri\Desktop\PROJETO_PRODAM\PRODAM_DOCS\DETRAN_CONSOLIDADO\01_CONTRATOS\3º TA CT 022.14 - Prazo.ocr.pdf;58.5;OK
C:\Users\gabri\Desktop\PROJETO_PRODAM\PRODAM_DOCS\DETRAN_CONSOLIDADO\01_CONTRATOS\3º TA Contrato 27.2014.pdf;3º TA Contrato 27.2014.pdf;ocrmypdf;0.89;9;P2-PARCIAL;C:\Users\gabri\Desktop\PROJETO_PRODAM\PRODAM_DOCS\DETRAN_CONSOLIDADO\01_CONTRATOS\3º TA Contrato 27.2014.ocr.pdf;49.6;OK
C:\Users\gabri\Desktop\PROJETO_PRODAM\PRODAM_DOCS\DETRAN_CONSOLIDADO\01_CONTRATOS\4º TA ao Contrato 25.2014 - Prazo.pdf;4º TA ao Contrato 25.2014 - Prazo.pdf;ocrmypdf;0.93;7;P2-PARCIAL;C:\Users\gabri\Desktop\PROJETO_PRODAM\PRODAM_DOCS\DETRAN_CONSOLIDADO\01_CONTRATOS\4º TA ao Contrato 25.2014 - Prazo.ocr.pdf;48.8;OK
C:\Users\gabri\Desktop\PROJETO_PRODAM\PRODAM_DOCS\DETRAN_CONSOLIDADO\01_CONTRATOS\4º TA Contrato 017.2015 - Prazo 6 meses.pdf;4º TA Contrato 017.2015 - Prazo 6 meses.pdf;ocrmypdf;0.91;8;P2-PARCIAL;C:\Users\gabri\Desktop\PROJETO_PRODAM\PRODAM_DOCS\DETRAN_CONSOLIDADO\01_CONTRATOS\4º TA Contrato 017.2015 - Prazo 6 meses.ocr.pdf;54.9;OK
C:\Users\gabri\Desktop\PROJETO_PRODAM\PRODAM_DOCS\DETRAN_CONSOLIDADO\01_CONTRATOS\4º TA Contrato 004.2016 - Prazo 6 meses.pdf;4º TA Contrato 004.2016 - Prazo 6 meses.pdf;ocrmypdf;0.89;7;P2-PARCIAL;C:\Users\gabri\Desktop\PROJETO_PRODAM\PRODAM_DOCS\DETRAN_CONSOLIDADO\01_CONTRATOS\4º TA Contrato 004.2016 - Prazo 6 meses.ocr.pdf;57.3;OK
C:\Users\gabri\Desktop\PROJETO_PRODAM\PRODAM_DOCS\DETRAN_CONSOLIDADO\01_CONTRATOS\4º TA Contrato 27.2014.pdf;4º TA Contrato 27.2014.pdf;ocrmypdf;0.49;14;P2-PARCIAL;C:\Users\gabri\Desktop\PROJETO_PRODAM\PRODAM_DOCS\DETRAN_CONSOLIDADO\01_CONTRATOS\4º TA Contrato 27.2014.ocr.pdf;26.1;OK
C:\Users\gabri\Desktop\PROJETO_PRODAM\PRODAM_DOCS\DETRAN_CONSOLIDADO\01_CONTRATOS\4º TA Contrato 010.2021 - Prazo.pdf;4º TA Contrato 010.2021 - Prazo.pdf;ocrmypdf;0.89;9;P2-PARCIAL;C:\Users\gabri\Desktop\PROJETO_PRODAM\PRODAM_DOCS\DETRAN_CONSOLIDADO\01_CONTRATOS\4º TA Contrato 010.2021 - Prazo.ocr.pdf;57.1;OK
C:\Users\gabri\Desktop\PROJETO_PRODAM\PRODAM_DOCS\DETRAN_CONSOLIDADO\01_CONTRATOS\4º TA CT 022.14 - Prazo.pdf;4º TA CT 022.14 - Prazo.pdf;ocrmypdf;0.92;7;P2-PARCIAL;C:\Users\gabri\Desktop\PROJETO_PRODAM\PRODAM_DOCS\DETRAN_CONSOLIDADO\01_CONTRATOS\4º TA CT 022.14 - Prazo.ocr.pdf;48.4;OK
C:\Users\gabri\Desktop\PROJETO_PRODAM\PRODAM_DOCS\DETRAN_CONSOLIDADO\01_CONTRATOS\5º TA ao Contrato 25.2014 - prazo e supl.pdf;5º TA ao Contrato 25.2014 - prazo e supl.pdf;ocrmypdf;0.87;8;P2-PARCIAL;C:\Users\gabri\Desktop\PROJETO_PRODAM\PRODAM_DOCS\DETRAN_CONSOLIDADO\01_CONTRATOS\5º TA ao Contrato 25.2014 - prazo e supl.ocr.pdf;50.1;OK
C:\Users\gabri\Desktop\PROJETO_PRODAM\PRODAM_DOCS\DETRAN_CONSOLIDADO\01_CONTRATOS\5º TA Contrato 004.2016 - Prazo.pdf;5º TA Contrato 004.2016 - Prazo.pdf;ocrmypdf;0.92;6;P2-PARCIAL;C:\Users\gabri\Desktop\PROJETO_PRODAM\PRODAM_DOCS\DETRAN_CONSOLIDADO\01_CONTRATOS\5º TA Contrato 004.2016 - Prazo.ocr.pdf;47.1;OK
C:\Users\gabri\Desktop\PROJETO_PRODAM\PRODAM_DOCS\DETRAN_CONSOLIDADO\01_CONTRATOS\5º TA do Contrato 012.2021 - Prazo e reajuste 5,06% IPCA.pdf;5º TA do Contrato 012.2021 - Prazo e reajuste 5,06% IPCA.pdf;ocrmypdf;0.88;9;P2-PARCIAL;C:\Users\gabri\Desktop\PROJETO_PRODAM\PRODAM_DOCS\DETRAN_CONSOLIDADO\01_CONTRATOS\5º TA do Contrato 012.2021 - Prazo e reajuste 5,06% IPCA.ocr.pdf;59.8;OK
C:\Users\gabri\Desktop\PROJETO_PRODAM\PRODAM_DOCS\DETRAN_CONSOLIDADO\01_CONTRATOS\5º TA Contrato 017.2015 Prao 6 meses.pdf;5º TA Contrato 017.2015 Prao 6 meses.pdf;ocrmypdf;0.89;9;P2-PARCIAL;C:\Users\gabri\Desktop\PROJETO_PRODAM\PRODAM_DOCS\DETRAN_CONSOLIDADO\01_CONTRATOS\5º TA Contrato 017.2015 Prao 6 meses.ocr.pdf;70.0;OK
C:\Users\gabri\Desktop\PROJETO_PRODAM\PRODAM_DOCS\DETRAN_CONSOLIDADO\01_CONTRATOS\5º TA CT 022.14 - Prazo.pdf;5º TA CT 022.14 - Prazo.pdf;ocrmypdf;0.86;12;P2-PARCIAL;C:\Users\gabri\Desktop\PROJETO_PRODAM\PRODAM_DOCS\DETRAN_CONSOLIDADO\01_CONTRATOS\5º TA CT 022.14 - Prazo.ocr.pdf;57.4;OK
C:\Users\gabri\Desktop\PROJETO_PRODAM\PRODAM_DOCS\DETRAN_CONSOLIDADO\01_CONTRATOS\5º TA Contrato 27.2014 - prazo e realinhamenro.pdf;5º TA Contrato 27.2014 - prazo e realinhamenro.pdf;ocrmypdf;0.87;11;P2-PARCIAL;C:\Users\gabri\Desktop\PROJETO_PRODAM\PRODAM_DOCS\DETRAN_CONSOLIDADO\01_CONTRATOS\5º TA Contrato 27.2014 - prazo e realinhamenro.ocr.pdf;56.2;OK
C:\Users\gabri\Desktop\PROJETO_PRODAM\PRODAM_DOCS\DETRAN_CONSOLIDADO\01_CONTRATOS\6º TA Contrato 017.2015 - Prazo.pdf;6º TA Contrato 017.2015 - Prazo.pdf;ocrmypdf;0.86;12;P2-PARCIAL;C:\Users\gabri\Desktop\PROJETO_PRODAM\PRODAM_DOCS\DETRAN_CONSOLIDADO\01_CONTRATOS\6º TA Contrato 017.2015 - Prazo.ocr.pdf;40.1;OK
C:\Users\gabri\Desktop\PROJETO_PRODAM\PRODAM_DOCS\DETRAN_CONSOLIDADO\01_CONTRATOS\6º TA Contrato 004.2016.pdf;6º TA Contrato 004.2016.pdf;ocrmypdf;0.91;8;P2-PARCIAL;C:\Users\gabri\Desktop\PROJETO_PRODAM\PRODAM_DOCS\DETRAN_CONSOLIDADO\01_CONTRATOS\6º TA Contrato 004.2016.ocr.pdf;36.8;OK
C:\Users\gabri\Desktop\PROJETO_PRODAM\PRODAM_DOCS\DETRAN_CONSOLIDADO\01_CONTRATOS\6º TA ao Contrato 25.2014 - Prazo 6 meses Of. 4965.19 .pdf;6º TA ao Contrato 25.2014 - Prazo 6 meses Of. 4965.19 .pdf;ocrmypdf;0.91;9;P2-PARCIAL;C:\Users\gabri\Desktop\PROJETO_PRODAM\PRODAM_DOCS\DETRAN_CONSOLIDADO\01_CONTRATOS\6º TA ao Contrato 25.2014 - Prazo 6 meses Of. 4965.19 .ocr.pdf;58.7;OK
C:\Users\gabri\Desktop\PROJETO_PRODAM\PRODAM_DOCS\DETRAN_CONSOLIDADO\01_CONTRATOS\6º TA CT 022.2014 - Prazo 6 meses Of. 4965.19.pdf;6º TA CT 022.2014 - Prazo 6 meses Of. 4965.19.pdf;ocrmypdf;0.89;9;P2-PARCIAL;C:\Users\gabri\Desktop\PROJETO_PRODAM\PRODAM_DOCS\DETRAN_CONSOLIDADO\01_CONTRATOS\6º TA CT 022.2014 - Prazo 6 meses Of. 4965.19.ocr.pdf;59.8;OK
C:\Users\gabri\Desktop\PROJETO_PRODAM\PRODAM_DOCS\DETRAN_CONSOLIDADO\01_CONTRATOS\7º TA Contrato 2762014 - Prazo 6 meses.pdf;7º TA Contrato 2762014 - Prazo 6 meses.pdf;ocrmypdf;0.89;8;P2-PARCIAL;C:\Users\gabri\Desktop\PROJETO_PRODAM\PRODAM_DOCS\DETRAN_CONSOLIDADO\01_CONTRATOS\7º TA Contrato 2762014 - Prazo 6 meses.ocr.pdf;48.8;OK
C:\Users\gabri\Desktop\PROJETO_PRODAM\PRODAM_DOCS\DETRAN_CONSOLIDADO\01_CONTRATOS\6º TA Contrato 27.2014 - prazo 6 meses Of. 4965.19.pdf;6º TA Contrato 27.2014 - prazo 6 meses Of. 4965.19.pdf;ocrmypdf;0.91;8;P2-PARCIAL;C:\Users\gabri\Desktop\PROJETO_PRODAM\PRODAM_DOCS\DETRAN_CONSOLIDADO\01_CONTRATOS\6º TA Contrato 27.2014 - prazo 6 meses Of. 4965.19.ocr.pdf;57.9;OK
C:\Users\gabri\Desktop\PROJETO_PRODAM\PRODAM_DOCS\DETRAN_CONSOLIDADO\01_CONTRATOS\7º TA ao Contrato 25.2014 - Prazo 6 meses.pdf;7º TA ao Contrato 25.2014 - Prazo 6 meses.pdf;ocrmypdf;0.79;9;P2-PARCIAL;C:\Users\gabri\Desktop\PROJETO_PRODAM\PRODAM_DOCS\DETRAN_CONSOLIDADO\01_CONTRATOS\7º TA ao Contrato 25.2014 - Prazo 6 meses.ocr.pdf;45.5;OK
C:\Users\gabri\Desktop\PROJETO_PRODAM\PRODAM_DOCS\DETRAN_CONSOLIDADO\01_CONTRATOS\7º TA CONTRATO 22.2014 - Prazo 6 meses.pdf;7º TA CONTRATO 22.2014 - Prazo 6 meses.pdf;ocrmypdf;0.91;8;P2-PARCIAL;C:\Users\gabri\Desktop\PROJETO_PRODAM\PRODAM_DOCS\DETRAN_CONSOLIDADO\01_CONTRATOS\7º TA CONTRATO 22.2014 - Prazo 6 meses.ocr.pdf;50.3;OK
C:\Users\gabri\Desktop\PROJETO_PRODAM\PRODAM_DOCS\DETRAN_CONSOLIDADO\01_CONTRATOS\Comprimido Contrato 83.22.pdf;Comprimido Contrato 83.22.pdf;ocrmypdf;0.82;39;P2-PARCIAL;C:\Users\gabri\Desktop\PROJETO_PRODAM\PRODAM_DOCS\DETRAN_CONSOLIDADO\01_CONTRATOS\Comprimido Contrato 83.22.ocr.pdf;107.2;OK
C:\Users\gabri\Desktop\PROJETO_PRODAM\PRODAM_DOCS\DETRAN_CONSOLIDADO\01_CONTRATOS\Contrato 006.2021 - Rede, VPN, Circuito, Firewall, Rack, Suporte, Serv., MetroMao, Assessoria.pdf;Contrato 006.2021 - Rede, VPN, Circuito, Firewall, Rack, Suporte, Serv., MetroMao, Assessoria.pdf;ocrmypdf;0.81;42;P2-PARCIAL;C:\Users\gabri\Desktop\PROJETO_PRODAM\PRODAM_DOCS\DETRAN_CONSOLIDADO\01_CONTRATOS\Contrato 006.2021 - Rede, VPN, Circuito, Firewall, Rack, Suporte, Serv., MetroMao, Assessoria.ocr.pdf;98.8;OK
C:\Users\gabri\Desktop\PROJETO_PRODAM\PRODAM_DOCS\DETRAN_CONSOLIDADO\01_CONTRATOS\Contrato 010.2021 - Softare como Sistema Gestão de Trânsito.pdf;Contrato 010.2021 - Softare como Sistema Gestão de Trânsito.pdf;ocrmypdf;0.83;36;P2-PARCIAL;C:\Users\gabri\Desktop\PROJETO_PRODAM\PRODAM_DOCS\DETRAN_CONSOLIDADO\01_CONTRATOS\Contrato 010.2021 - Softare como Sistema Gestão de Trânsito.ocr.pdf;91.8;OK
C:\Users\gabri\Desktop\PROJETO_PRODAM\PRODAM_DOCS\DETRAN_CONSOLIDADO\01_CONTRATOS\Contrato 012.2021 - Desenvolvimento de Sistemas.pdf;Contrato 012.2021 - Desenvolvimento de Sistemas.pdf;ocrmypdf;0.84;31;P2-PARCIAL;C:\Users\gabri\Desktop\PROJETO_PRODAM\PRODAM_DOCS\DETRAN_CONSOLIDADO\01_CONTRATOS\Contrato 012.2021 - Desenvolvimento de Sistemas.ocr.pdf;125.4;OK
C:\Users\gabri\Desktop\PROJETO_PRODAM\PRODAM_DOCS\DETRAN_CONSOLIDADO\01_CONTRATOS\Contrato 025.2014 - Manutenção de Sistema.pdf;Contrato 025.2014 - Manutenção de Sistema.pdf;ocrmypdf;0.86;25;P2-PARCIAL;C:\Users\gabri\Desktop\PROJETO_PRODAM\PRODAM_DOCS\DETRAN_CONSOLIDADO\01_CONTRATOS\Contrato 025.2014 - Manutenção de Sistema.ocr.pdf;68.5;OK
C:\Users\gabri\Desktop\PROJETO_PRODAM\PRODAM_DOCS\DETRAN_CONSOLIDADO\01_CONTRATOS\Contrato 022.2014 - Execução de Sistema SCIT.pdf;Contrato 022.2014 - Execução de Sistema SCIT.pdf;ocrmypdf;0.82;42;P2-PARCIAL;C:\Users\gabri\Desktop\PROJETO_PRODAM\PRODAM_DOCS\DETRAN_CONSOLIDADO\01_CONTRATOS\Contrato 022.2014 - Execução de Sistema SCIT.ocr.pdf;99.8;OK
C:\Users\gabri\Desktop\PROJETO_PRODAM\PRODAM_DOCS\DETRAN_CONSOLIDADO\01_CONTRATOS\Contrato 004.2016 Biometria.pdf;Contrato 004.2016 Biometria.pdf;ocrmypdf;0.84;20;P2-PARCIAL;C:\Users\gabri\Desktop\PROJETO_PRODAM\PRODAM_DOCS\DETRAN_CONSOLIDADO\01_CONTRATOS\Contrato 004.2016 Biometria.ocr.pdf;56.2;OK
C:\Users\gabri\Desktop\PROJETO_PRODAM\PRODAM_DOCS\DETRAN_CONSOLIDADO\01_CONTRATOS\Contrato 027.2014 - Serviço Rede.pdf;Contrato 027.2014 - Serviço Rede.pdf;ocrmypdf;0.89;20;P2-PARCIAL;C:\Users\gabri\Desktop\PROJETO_PRODAM\PRODAM_DOCS\DETRAN_CONSOLIDADO\01_CONTRATOS\Contrato 027.2014 - Serviço Rede.ocr.pdf;93.8;OK
C:\Users\gabri\Desktop\PROJETO_PRODAM\PRODAM_DOCS\DETRAN_CONSOLIDADO\01_CONTRATOS\Contrato 075.2022 - Sistema SIGMO.pdf;Contrato 075.2022 - Sistema SIGMO.pdf;ocrmypdf;0.84;34;P2-PARCIAL;C:\Users\gabri\Desktop\PROJETO_PRODAM\PRODAM_DOCS\DETRAN_CONSOLIDADO\01_CONTRATOS\Contrato 075.2022 - Sistema SIGMO.ocr.pdf;145.0;OK
C:\Users\gabri\Desktop\PROJETO_PRODAM\PRODAM_DOCS\DETRAN_CONSOLIDADO\01_CONTRATOS\CONTRATO 17.2015-DATA CENTER.pdf;CONTRATO 17.2015-DATA CENTER.pdf;ocrmypdf;0.86;19;P2-PARCIAL;C:\Users\gabri\Desktop\PROJETO_PRODAM\PRODAM_DOCS\DETRAN_CONSOLIDADO\01_CONTRATOS\CONTRATO 17.2015-DATA CENTER.ocr.pdf;117.3;OK
C:\Users\gabri\Desktop\PROJETO_PRODAM\PRODAM_DOCS\DETRAN_CONSOLIDADO\01_CONTRATOS\NE 471 Cobertura Financeira 1º TA.pdf;NE 471 Cobertura Financeira 1º TA.pdf;ocrmypdf;0.94;2;P2-PARCIAL;C:\Users\gabri\Desktop\PROJETO_PRODAM\PRODAM_DOCS\DETRAN_CONSOLIDADO\01_CONTRATOS\NE 471 Cobertura Financeira 1º TA.ocr.pdf;38.7;OK
C:\Users\gabri\Desktop\PROJETO_PRODAM\PRODAM_DOCS\DETRAN_CONSOLIDADO\01_CONTRATOS\NE 595 Cobertura Financeira 2º TA.pdf;NE 595 Cobertura Financeira 2º TA.pdf;ocrmypdf;0.96;1;P2-PARCIAL;C:\Users\gabri\Desktop\PROJETO_PRODAM\PRODAM_DOCS\DETRAN_CONSOLIDADO\01_CONTRATOS\NE 595 Cobertura Financeira 2º TA.ocr.pdf;41.6;OK
C:\Users\gabri\Desktop\PROJETO_PRODAM\PRODAM_DOCS\DETRAN_CONSOLIDADO\02_EMPENHOS\DIRAF 337.2021  ASSINADA.pdf;DIRAF 337.2021  ASSINADA.pdf;ocrmypdf;0.91;1;P2-PARCIAL;C:\Users\gabri\Desktop\PROJETO_PRODAM\PRODAM_DOCS\DETRAN_CONSOLIDADO\02_EMPENHOS\DIRAF 337.2021  ASSINADA.ocr.pdf;9.2;OK
C:\Users\gabri\Desktop\PROJETO_PRODAM\PRODAM_DOCS\DETRAN_CONSOLIDADO\02_EMPENHOS\2020NE00510.pdf;2020NE00510.pdf;ocrmypdf;0.91;2;P2-PARCIAL;C:\Users\gabri\Desktop\PROJETO_PRODAM\PRODAM_DOCS\DETRAN_CONSOLIDADO\02_EMPENHOS\2020NE00510.ocr.pdf;12.5;OK
C:\Users\gabri\Desktop\PROJETO_PRODAM\PRODAM_DOCS\DETRAN_CONSOLIDADO\02_EMPENHOS\NE 009.pdf;NE 009.pdf;ocrmypdf;0.96;1;P2-PARCIAL;C:\Users\gabri\Desktop\PROJETO_PRODAM\PRODAM_DOCS\DETRAN_CONSOLIDADO\02_EMPENHOS\NE 009.ocr.pdf;21.0;OK
C:\Users\gabri\Desktop\PROJETO_PRODAM\PRODAM_DOCS\DETRAN_CONSOLIDADO\01_CONTRATOS\Contrato 083.2022 - Licença Uso solução Talão Eletrônico.pdf;Contrato 083.2022 - Licença Uso solução Talão Eletrônico.pdf;ocrmypdf;0.82;39;P2-PARCIAL;C:\Users\gabri\Desktop\PROJETO_PRODAM\PRODAM_DOCS\DETRAN_CONSOLIDADO\01_CONTRATOS\Contrato 083.2022 - Licença Uso solução Talão Eletrônico.ocr.pdf;142.3;OK
C:\Users\gabri\Desktop\PROJETO_PRODAM\PRODAM_DOCS\DETRAN_CONSOLIDADO\02_EMPENHOS\NE 1232 Cobertura Financeira.pdf;NE 1232 Cobertura Financeira.pdf;ocrmypdf;0.92;2;P2-PARCIAL;C:\Users\gabri\Desktop\PROJETO_PRODAM\PRODAM_DOCS\DETRAN_CONSOLIDADO\02_EMPENHOS\NE 1232 Cobertura Financeira.ocr.pdf;23.2;OK
C:\Users\gabri\Desktop\PROJETO_PRODAM\PRODAM_DOCS\DETRAN_CONSOLIDADO\02_EMPENHOS\NE 083 Cobertura Financeira.pdf;NE 083 Cobertura Financeira.pdf;ocrmypdf;0.91;2;P2-PARCIAL;C:\Users\gabri\Desktop\PROJETO_PRODAM\PRODAM_DOCS\DETRAN_CONSOLIDADO\02_EMPENHOS\NE 083 Cobertura Financeira.ocr.pdf;22.8;OK
C:\Users\gabri\Desktop\PROJETO_PRODAM\PRODAM_DOCS\DETRAN_CONSOLIDADO\02_EMPENHOS\NE 1243 Cobertura Financeira.pdf;NE 1243 Cobertura Financeira.pdf;ocrmypdf;0.91;2;P2-PARCIAL;C:\Users\gabri\Desktop\PROJETO_PRODAM\PRODAM_DOCS\DETRAN_CONSOLIDADO\02_EMPENHOS\NE 1243 Cobertura Financeira.ocr.pdf;21.1;OK
C:\Users\gabri\Desktop\PROJETO_PRODAM\PRODAM_DOCS\DETRAN_CONSOLIDADO\02_EMPENHOS\NE 1250 Cobertura Financeira.pdf;NE 1250 Cobertura Financeira.pdf;ocrmypdf;0.89;2;P2-PARCIAL;C:\Users\gabri\Desktop\PROJETO_PRODAM\PRODAM_DOCS\DETRAN_CONSOLIDADO\02_EMPENHOS\NE 1250 Cobertura Financeira.ocr.pdf;23.4;OK
C:\Users\gabri\Desktop\PROJETO_PRODAM\PRODAM_DOCS\DETRAN_CONSOLIDADO\02_EMPENHOS\NE 1275 Cobertura Financeira.pdf;NE 1275 Cobertura Financeira.pdf;ocrmypdf;0.89;2;P2-PARCIAL;C:\Users\gabri\Desktop\PROJETO_PRODAM\PRODAM_DOCS\DETRAN_CONSOLIDADO\02_EMPENHOS\NE 1275 Cobertura Financeira.ocr.pdf;21.3;OK
C:\Users\gabri\Desktop\PROJETO_PRODAM\PRODAM_DOCS\DETRAN_CONSOLIDADO\02_EMPENHOS\NE 1276 Cobertura Financeira.pdf;NE 1276 Cobertura Financeira.pdf;ocrmypdf;0.91;2;P2-PARCIAL;C:\Users\gabri\Desktop\PROJETO_PRODAM\PRODAM_DOCS\DETRAN_CONSOLIDADO\02_EMPENHOS\NE 1276 Cobertura Financeira.ocr.pdf;19.8;OK
C:\Users\gabri\Desktop\PROJETO_PRODAM\PRODAM_DOCS\DETRAN_CONSOLIDADO\02_EMPENHOS\NE 1316 Cobertura Financeira.pdf;NE 1316 Cobertura Financeira.pdf;ocrmypdf;0.91;3;P2-PARCIAL;C:\Users\gabri\Desktop\PROJETO_PRODAM\PRODAM_DOCS\DETRAN_CONSOLIDADO\02_EMPENHOS\NE 1316 Cobertura Financeira.ocr.pdf;22.5;OK
C:\Users\gabri\Desktop\PROJETO_PRODAM\PRODAM_DOCS\DETRAN_CONSOLIDADO\02_EMPENHOS\NE 1233 Cobertura Financeira.pdf;NE 1233 Cobertura Financeira.pdf;ocrmypdf;0.96;1;P2-PARCIAL;C:\Users\gabri\Desktop\PROJETO_PRODAM\PRODAM_DOCS\DETRAN_CONSOLIDADO\02_EMPENHOS\NE 1233 Cobertura Financeira.ocr.pdf;20.7;OK
C:\Users\gabri\Desktop\PROJETO_PRODAM\PRODAM_DOCS\DETRAN_CONSOLIDADO\02_EMPENHOS\NE 19 Cobertura Financeira 2016.pdf;NE 19 Cobertura Financeira 2016.pdf;ocrmypdf;0.93;2;P2-PARCIAL;C:\Users\gabri\Desktop\PROJETO_PRODAM\PRODAM_DOCS\DETRAN_CONSOLIDADO\02_EMPENHOS\NE 19 Cobertura Financeira 2016.ocr.pdf;21.6;OK
C:\Users\gabri\Desktop\PROJETO_PRODAM\PRODAM_DOCS\DETRAN_CONSOLIDADO\02_EMPENHOS\NE 237 Cobertura Financeira.pdf;NE 237 Cobertura Financeira.pdf;ocrmypdf;0.89;3;P2-PARCIAL;C:\Users\gabri\Desktop\PROJETO_PRODAM\PRODAM_DOCS\DETRAN_CONSOLIDADO\02_EMPENHOS\NE 237 Cobertura Financeira.ocr.pdf;31.6;OK
C:\Users\gabri\Desktop\PROJETO_PRODAM\PRODAM_DOCS\DETRAN_CONSOLIDADO\02_EMPENHOS\NE 1911 Cobertura Financeira.pdf;NE 1911 Cobertura Financeira.pdf;ocrmypdf;0.91;2;P2-PARCIAL;C:\Users\gabri\Desktop\PROJETO_PRODAM\PRODAM_DOCS\DETRAN_CONSOLIDADO\02_EMPENHOS\NE 1911 Cobertura Financeira.ocr.pdf;20.3;OK
C:\Users\gabri\Desktop\PROJETO_PRODAM\PRODAM_DOCS\DETRAN_CONSOLIDADO\02_EMPENHOS\NE 27 - Cobertura Financeira 2015.pdf;NE 27 - Cobertura Financeira 2015.pdf;ocrmypdf;0.93;2;P2-PARCIAL;C:\Users\gabri\Desktop\PROJETO_PRODAM\PRODAM_DOCS\DETRAN_CONSOLIDADO\02_EMPENHOS\NE 27 - Cobertura Financeira 2015.ocr.pdf;21.4;OK
C:\Users\gabri\Desktop\PROJETO_PRODAM\PRODAM_DOCS\DETRAN_CONSOLIDADO\02_EMPENHOS\NE 27 Cobertura Financeira 2017.pdf;NE 27 Cobertura Financeira 2017.pdf;ocrmypdf;0.96;1;P2-PARCIAL;C:\Users\gabri\Desktop\PROJETO_PRODAM\PRODAM_DOCS\DETRAN_CONSOLIDADO\02_EMPENHOS\NE 27 Cobertura Financeira 2017.ocr.pdf;28.0;OK
C:\Users\gabri\Desktop\PROJETO_PRODAM\PRODAM_DOCS\DETRAN_CONSOLIDADO\02_EMPENHOS\NE 30 - Cobertura Financeira.pdf;NE 30 - Cobertura Financeira.pdf;ocrmypdf;0.92;2;P2-PARCIAL;C:\Users\gabri\Desktop\PROJETO_PRODAM\PRODAM_DOCS\DETRAN_CONSOLIDADO\02_EMPENHOS\NE 30 - Cobertura Financeira.ocr.pdf;19.1;OK
C:\Users\gabri\Desktop\PROJETO_PRODAM\PRODAM_DOCS\DETRAN_CONSOLIDADO\02_EMPENHOS\NE 30 Cobertura Financeira 2017.pdf;NE 30 Cobertura Financeira 2017.pdf;ocrmypdf;0.96;1;P2-PARCIAL;C:\Users\gabri\Desktop\PROJETO_PRODAM\PRODAM_DOCS\DETRAN_CONSOLIDADO\02_EMPENHOS\NE 30 Cobertura Financeira 2017.ocr.pdf;26.7;OK
C:\Users\gabri\Desktop\PROJETO_PRODAM\PRODAM_DOCS\DETRAN_CONSOLIDADO\02_EMPENHOS\NE 33 Cobertura Financeira 2016.pdf;NE 33 Cobertura Financeira 2016.pdf;ocrmypdf;0.91;2;P2-PARCIAL;C:\Users\gabri\Desktop\PROJETO_PRODAM\PRODAM_DOCS\DETRAN_CONSOLIDADO\02_EMPENHOS\NE 33 Cobertura Financeira 2016.ocr.pdf;18.6;OK
C:\Users\gabri\Desktop\PROJETO_PRODAM\PRODAM_DOCS\DETRAN_CONSOLIDADO\02_EMPENHOS\NE 31 Cobetura Financeira 2017.pdf;NE 31 Cobetura Financeira 2017.pdf;ocrmypdf;0.96;1;P2-PARCIAL;C:\Users\gabri\Desktop\PROJETO_PRODAM\PRODAM_DOCS\DETRAN_CONSOLIDADO\02_EMPENHOS\NE 31 Cobetura Financeira 2017.ocr.pdf;30.9;OK
C:\Users\gabri\Desktop\PROJETO_PRODAM\PRODAM_DOCS\DETRAN_CONSOLIDADO\02_EMPENHOS\NE 34 - Cobertura Financeira 2015.pdf;NE 34 - Cobertura Financeira 2015.pdf;ocrmypdf;0.93;2;P2-PARCIAL;C:\Users\gabri\Desktop\PROJETO_PRODAM\PRODAM_DOCS\DETRAN_CONSOLIDADO\02_EMPENHOS\NE 34 - Cobertura Financeira 2015.ocr.pdf;18.7;OK
C:\Users\gabri\Desktop\PROJETO_PRODAM\PRODAM_DOCS\DETRAN_CONSOLIDADO\02_EMPENHOS\NE 436 Cobertura Financeira 2016.pdf;NE 436 Cobertura Financeira 2016.pdf;ocrmypdf;0.91;2;P2-PARCIAL;C:\Users\gabri\Desktop\PROJETO_PRODAM\PRODAM_DOCS\DETRAN_CONSOLIDADO\02_EMPENHOS\NE 436 Cobertura Financeira 2016.ocr.pdf;13.8;OK
C:\Users\gabri\Desktop\PROJETO_PRODAM\PRODAM_DOCS\DETRAN_CONSOLIDADO\02_EMPENHOS\NE 46 Cobertura Financeira 2016.pdf;NE 46 Cobertura Financeira 2016.pdf;ocrmypdf;0.91;2;P2-PARCIAL;C:\Users\gabri\Desktop\PROJETO_PRODAM\PRODAM_DOCS\DETRAN_CONSOLIDADO\02_EMPENHOS\NE 46 Cobertura Financeira 2016.ocr.pdf;12.3;OK
C:\Users\gabri\Desktop\PROJETO_PRODAM\PRODAM_DOCS\DETRAN_CONSOLIDADO\02_EMPENHOS\NE 417 Cobertura Financeira xx.pdf;NE 417 Cobertura Financeira xx.pdf;ocrmypdf;0.61;3;P2-PARCIAL;C:\Users\gabri\Desktop\PROJETO_PRODAM\PRODAM_DOCS\DETRAN_CONSOLIDADO\02_EMPENHOS\NE 417 Cobertura Financeira xx.ocr.pdf;36.7;OK
C:\Users\gabri\Desktop\PROJETO_PRODAM\PRODAM_DOCS\DETRAN_CONSOLIDADO\02_EMPENHOS\NE 509 - Cobertura Fiannceira 2016.pdf;NE 509 - Cobertura Fiannceira 2016.pdf;ocrmypdf;0.96;1;P2-PARCIAL;C:\Users\gabri\Desktop\PROJETO_PRODAM\PRODAM_DOCS\DETRAN_CONSOLIDADO\02_EMPENHOS\NE 509 - Cobertura Fiannceira 2016.ocr.pdf;11.9;OK
C:\Users\gabri\Desktop\PROJETO_PRODAM\PRODAM_DOCS\DETRAN_CONSOLIDADO\02_EMPENHOS\NE 528 Cobertura Financeira 2016.pdf;NE 528 Cobertura Financeira 2016.pdf;ocrmypdf;0.96;1;P2-PARCIAL;C:\Users\gabri\Desktop\PROJETO_PRODAM\PRODAM_DOCS\DETRAN_CONSOLIDADO\02_EMPENHOS\NE 528 Cobertura Financeira 2016.ocr.pdf;12.9;OK
C:\Users\gabri\Desktop\PROJETO_PRODAM\PRODAM_DOCS\DETRAN_CONSOLIDADO\02_EMPENHOS\NE 33 Cobertura Financeira 2017.pdf;NE 33 Cobertura Financeira 2017.pdf;ocrmypdf;0.95;1;P2-PARCIAL;C:\Users\gabri\Desktop\PROJETO_PRODAM\PRODAM_DOCS\DETRAN_CONSOLIDADO\02_EMPENHOS\NE 33 Cobertura Financeira 2017.ocr.pdf;28.9;OK
C:\Users\gabri\Desktop\PROJETO_PRODAM\PRODAM_DOCS\DETRAN_CONSOLIDADO\02_EMPENHOS\NE 49 Cobertura Financeira 2016.pdf;NE 49 Cobertura Financeira 2016.pdf;ocrmypdf;0.87;2;P2-PARCIAL;C:\Users\gabri\Desktop\PROJETO_PRODAM\PRODAM_DOCS\DETRAN_CONSOLIDADO\02_EMPENHOS\NE 49 Cobertura Financeira 2016.ocr.pdf;11.1;OK
C:\Users\gabri\Desktop\PROJETO_PRODAM\PRODAM_DOCS\DETRAN_CONSOLIDADO\02_EMPENHOS\NE 54 Cobertura Financeira 2017.pdf;NE 54 Cobertura Financeira 2017.pdf;ocrmypdf;0.96;1;P2-PARCIAL;C:\Users\gabri\Desktop\PROJETO_PRODAM\PRODAM_DOCS\DETRAN_CONSOLIDADO\02_EMPENHOS\NE 54 Cobertura Financeira 2017.ocr.pdf;28.0;OK
C:\Users\gabri\Desktop\PROJETO_PRODAM\PRODAM_DOCS\DETRAN_CONSOLIDADO\02_EMPENHOS\NE 638 COBERTURA SUPRESSAO 2015.pdf;NE 638 COBERTURA SUPRESSAO 2015.pdf;ocrmypdf;0.96;1;P2-PARCIAL;C:\Users\gabri\Desktop\PROJETO_PRODAM\PRODAM_DOCS\DETRAN_CONSOLIDADO\02_EMPENHOS\NE 638 COBERTURA SUPRESSAO 2015.ocr.pdf;27.9;OK
C:\Users\gabri\Desktop\PROJETO_PRODAM\PRODAM_DOCS\DETRAN_CONSOLIDADO\02_EMPENHOS\NE 647 Cobertura Financeira 2018.pdf;NE 647 Cobertura Financeira 2018.pdf;ocrmypdf;0.87;1;P2-PARCIAL;C:\Users\gabri\Desktop\PROJETO_PRODAM\PRODAM_DOCS\DETRAN_CONSOLIDADO\02_EMPENHOS\NE 647 Cobertura Financeira 2018.ocr.pdf;12.4;OK
C:\Users\gabri\Desktop\PROJETO_PRODAM\PRODAM_DOCS\DETRAN_CONSOLIDADO\02_EMPENHOS\NE 573 Cobertura Financeira.pdf;NE 573 Cobertura Financeira.pdf;ocrmypdf;0.85;2;P2-PARCIAL;C:\Users\gabri\Desktop\PROJETO_PRODAM\PRODAM_DOCS\DETRAN_CONSOLIDADO\02_EMPENHOS\NE 573 Cobertura Financeira.ocr.pdf;11.3;OK
C:\Users\gabri\Desktop\PROJETO_PRODAM\PRODAM_DOCS\DETRAN_CONSOLIDADO\02_EMPENHOS\NE 685 Cobertura Financeira 2016.pdf;NE 685 Cobertura Financeira 2016.pdf;ocrmypdf;0.94;2;P2-PARCIAL;C:\Users\gabri\Desktop\PROJETO_PRODAM\PRODAM_DOCS\DETRAN_CONSOLIDADO\02_EMPENHOS\NE 685 Cobertura Financeira 2016.ocr.pdf;12.2;OK
C:\Users\gabri\Desktop\PROJETO_PRODAM\PRODAM_DOCS\DETRAN_CONSOLIDADO\02_EMPENHOS\NE 636 COBERTURA SUPRESSAO.pdf;NE 636 COBERTURA SUPRESSAO.pdf;ocrmypdf;0.95;1;P2-PARCIAL;C:\Users\gabri\Desktop\PROJETO_PRODAM\PRODAM_DOCS\DETRAN_CONSOLIDADO\02_EMPENHOS\NE 636 COBERTURA SUPRESSAO.ocr.pdf;27.0;OK
C:\Users\gabri\Desktop\PROJETO_PRODAM\PRODAM_DOCS\DETRAN_CONSOLIDADO\02_EMPENHOS\Ne 697 Cobertura Financeira 2016.pdf;Ne 697 Cobertura Financeira 2016.pdf;ocrmypdf;0.93;2;P2-PARCIAL;C:\Users\gabri\Desktop\PROJETO_PRODAM\PRODAM_DOCS\DETRAN_CONSOLIDADO\02_EMPENHOS\Ne 697 Cobertura Financeira 2016.ocr.pdf;28.3;OK
C:\Users\gabri\Desktop\PROJETO_PRODAM\PRODAM_DOCS\DETRAN_CONSOLIDADO\02_EMPENHOS\NE 718 - Cobertura Financeira.pdf;NE 718 - Cobertura Financeira.pdf;ocrmypdf;0.88;2;P2-PARCIAL;C:\Users\gabri\Desktop\PROJETO_PRODAM\PRODAM_DOCS\DETRAN_CONSOLIDADO\02_EMPENHOS\NE 718 - Cobertura Financeira.ocr.pdf;14.4;OK
C:\Users\gabri\Desktop\PROJETO_PRODAM\PRODAM_DOCS\DETRAN_CONSOLIDADO\02_EMPENHOS\NE 686 Cobertura Financeira nov a dez 2016.pdf;NE 686 Cobertura Financeira nov a dez 2016.pdf;ocrmypdf;0.93;2;P2-PARCIAL;C:\Users\gabri\Desktop\PROJETO_PRODAM\PRODAM_DOCS\DETRAN_CONSOLIDADO\02_EMPENHOS\NE 686 Cobertura Financeira nov a dez 2016.ocr.pdf;12.5;OK
C:\Users\gabri\Desktop\PROJETO_PRODAM\PRODAM_DOCS\DETRAN_CONSOLIDADO\02_EMPENHOS\NE 790.2018 Cobertura Financeira 2018.pdf;NE 790.2018 Cobertura Financeira 2018.pdf;ocrmypdf;0.9;2;P2-PARCIAL;C:\Users\gabri\Desktop\PROJETO_PRODAM\PRODAM_DOCS\DETRAN_CONSOLIDADO\02_EMPENHOS\NE 790.2018 Cobertura Financeira 2018.ocr.pdf;12.2;OK
C:\Users\gabri\Desktop\PROJETO_PRODAM\PRODAM_DOCS\DETRAN_CONSOLIDADO\02_EMPENHOS\NE 813  Cobertura Financeira.pdf;NE 813  Cobertura Financeira.pdf;ocrmypdf;0.93;2;P2-PARCIAL;C:\Users\gabri\Desktop\PROJETO_PRODAM\PRODAM_DOCS\DETRAN_CONSOLIDADO\02_EMPENHOS\NE 813  Cobertura Financeira.ocr.pdf;27.9;OK
C:\Users\gabri\Desktop\PROJETO_PRODAM\PRODAM_DOCS\DETRAN_CONSOLIDADO\02_EMPENHOS\NE 812 Cobertura Financeira.pdf;NE 812 Cobertura Financeira.pdf;ocrmypdf;0.93;2;P2-PARCIAL;C:\Users\gabri\Desktop\PROJETO_PRODAM\PRODAM_DOCS\DETRAN_CONSOLIDADO\02_EMPENHOS\NE 812 Cobertura Financeira.ocr.pdf;31.1;OK
C:\Users\gabri\Desktop\PROJETO_PRODAM\PRODAM_DOCS\DETRAN_CONSOLIDADO\02_EMPENHOS\NE 874  Cobertura Financeira 2017.pdf;NE 874  Cobertura Financeira 2017.pdf;ocrmypdf;0.91;2;P2-PARCIAL;C:\Users\gabri\Desktop\PROJETO_PRODAM\PRODAM_DOCS\DETRAN_CONSOLIDADO\02_EMPENHOS\NE 874  Cobertura Financeira 2017.ocr.pdf;23.7;OK
C:\Users\gabri\Desktop\PROJETO_PRODAM\PRODAM_DOCS\DETRAN_CONSOLIDADO\02_EMPENHOS\NE 872 Cobertura Financeira.pdf;NE 872 Cobertura Financeira.pdf;ocrmypdf;0.91;2;P2-PARCIAL;C:\Users\gabri\Desktop\PROJETO_PRODAM\PRODAM_DOCS\DETRAN_CONSOLIDADO\02_EMPENHOS\NE 872 Cobertura Financeira.ocr.pdf;22.3;OK
C:\Users\gabri\Desktop\PROJETO_PRODAM\PRODAM_DOCS\DETRAN_CONSOLIDADO\02_EMPENHOS\NE01002.pdf;NE01002.pdf;ocrmypdf;0.96;1;P2-PARCIAL;C:\Users\gabri\Desktop\PROJETO_PRODAM\PRODAM_DOCS\DETRAN_CONSOLIDADO\02_EMPENHOS\NE01002.ocr.pdf;20.7;OK
C:\Users\gabri\Desktop\PROJETO_PRODAM\PRODAM_DOCS\DETRAN_CONSOLIDADO\02_EMPENHOS\NE01409.pdf;NE01409.pdf;ocrmypdf;0.94;2;P2-PARCIAL;C:\Users\gabri\Desktop\PROJETO_PRODAM\PRODAM_DOCS\DETRAN_CONSOLIDADO\02_EMPENHOS\NE01409.ocr.pdf;22.0;OK
C:\Users\gabri\Desktop\PROJETO_PRODAM\PRODAM_DOCS\DETRAN_CONSOLIDADO\02_EMPENHOS\NE 961 Cobertura Financeira.pdf;NE 961 Cobertura Financeira.pdf;ocrmypdf;0.89;2;P2-PARCIAL;C:\Users\gabri\Desktop\PROJETO_PRODAM\PRODAM_DOCS\DETRAN_CONSOLIDADO\02_EMPENHOS\NE 961 Cobertura Financeira.ocr.pdf;23.1;OK
C:\Users\gabri\Desktop\PROJETO_PRODAM\PRODAM_DOCS\DETRAN_CONSOLIDADO\02_EMPENHOS\NE01004.pdf;NE01004.pdf;ocrmypdf;0.96;1;P2-PARCIAL;C:\Users\gabri\Desktop\PROJETO_PRODAM\PRODAM_DOCS\DETRAN_CONSOLIDADO\02_EMPENHOS\NE01004.ocr.pdf;20.8;OK
C:\Users\gabri\Desktop\PROJETO_PRODAM\PRODAM_DOCS\DETRAN_CONSOLIDADO\02_EMPENHOS\NE01018 Cobertura Financeira 2015.pdf;NE01018 Cobertura Financeira 2015.pdf;ocrmypdf;0.97;1;P2-PARCIAL;C:\Users\gabri\Desktop\PROJETO_PRODAM\PRODAM_DOCS\DETRAN_CONSOLIDADO\02_EMPENHOS\NE01018 Cobertura Financeira 2015.ocr.pdf;23.1;OK
C:\Users\gabri\Desktop\PROJETO_PRODAM\PRODAM_DOCS\DETRAN_CONSOLIDADO\02_EMPENHOS\PRODAM CONTRA 17 2015  NE.pdf;PRODAM CONTRA 17 2015  NE.pdf;ocrmypdf;0.81;2;P2-PARCIAL;C:\Users\gabri\Desktop\PROJETO_PRODAM\PRODAM_DOCS\DETRAN_CONSOLIDADO\02_EMPENHOS\PRODAM CONTRA 17 2015  NE.ocr.pdf;15.3;OK
C:\Users\gabri\Desktop\PROJETO_PRODAM\PRODAM_DOCS\DETRAN_CONSOLIDADO\02_EMPENHOS\NE01413.pdf;NE01413.pdf;ocrmypdf;0.93;2;P2-PARCIAL;C:\Users\gabri\Desktop\PROJETO_PRODAM\PRODAM_DOCS\DETRAN_CONSOLIDADO\02_EMPENHOS\NE01413.ocr.pdf;21.9;OK
C:\Users\gabri\Desktop\PROJETO_PRODAM\PRODAM_DOCS\DETRAN_CONSOLIDADO\03_FATURAS\1. CARTA DA NOTA FISCAL Nº 27118.pdf;1. CARTA DA NOTA FISCAL Nº 27118.pdf;ocrmypdf;0.9;1;P2-PARCIAL;C:\Users\gabri\Desktop\PROJETO_PRODAM\PRODAM_DOCS\DETRAN_CONSOLIDADO\03_FATURAS\1. CARTA DA NOTA FISCAL Nº 27118.ocr.pdf;21.3;OK
C:\Users\gabri\Desktop\PROJETO_PRODAM\PRODAM_DOCS\DETRAN_CONSOLIDADO\03_FATURAS\2.1ANEXO DA NOTA FISCAL 27118.pdf;2.1ANEXO DA NOTA FISCAL 27118.pdf;ocrmypdf;0.91;1;P2-PARCIAL;C:\Users\gabri\Desktop\PROJETO_PRODAM\PRODAM_DOCS\DETRAN_CONSOLIDADO\03_FATURAS\2.1ANEXO DA NOTA FISCAL 27118.ocr.pdf;15.7;OK
C:\Users\gabri\Desktop\PROJETO_PRODAM\PRODAM_DOCS\DETRAN_CONSOLIDADO\03_FATURAS\CARTA DA NOTA FISCAL Nº 27929.pdf;CARTA DA NOTA FISCAL Nº 27929.pdf;ocrmypdf;0.9;1;P2-PARCIAL;C:\Users\gabri\Desktop\PROJETO_PRODAM\PRODAM_DOCS\DETRAN_CONSOLIDADO\03_FATURAS\CARTA DA NOTA FISCAL Nº 27929.ocr.pdf;18.7;OK
C:\Users\gabri\Desktop\PROJETO_PRODAM\PRODAM_DOCS\DETRAN_CONSOLIDADO\03_FATURAS\REQUERIMENTO DA NOTA FISCAL Nº 28451.pdf;REQUERIMENTO DA NOTA FISCAL Nº 28451.pdf;ocrmypdf;0.95;1;P2-PARCIAL;C:\Users\gabri\Desktop\PROJETO_PRODAM\PRODAM_DOCS\DETRAN_CONSOLIDADO\03_FATURAS\REQUERIMENTO DA NOTA FISCAL Nº 28451.ocr.pdf;20.4;OK
C:\Users\gabri\Desktop\PROJETO_PRODAM\PRODAM_DOCS\DETRAN_CONSOLIDADO\03_FATURAS\TOTAIS DE FATURAMENTO.pdf;TOTAIS DE FATURAMENTO.pdf;ocrmypdf;0.8;1;P2-PARCIAL;C:\Users\gabri\Desktop\PROJETO_PRODAM\PRODAM_DOCS\DETRAN_CONSOLIDADO\03_FATURAS\TOTAIS DE FATURAMENTO.ocr.pdf;18.4;OK
C:\Users\gabri\Desktop\PROJETO_PRODAM\PRODAM_DOCS\DETRAN_CONSOLIDADO\03_FATURAS\TOTAIS DE FATURAMENTO__f2b2c2aaae.pdf;TOTAIS DE FATURAMENTO__f2b2c2aaae.pdf;ocrmypdf;0.77;1;P2-PARCIAL;C:\Users\gabri\Desktop\PROJETO_PRODAM\PRODAM_DOCS\DETRAN_CONSOLIDADO\03_FATURAS\TOTAIS DE FATURAMENTO__f2b2c2aaae.ocr.pdf;18.2;OK
C:\Users\gabri\Desktop\PROJETO_PRODAM\PRODAM_DOCS\DETRAN_CONSOLIDADO\05_ACEITES\PÁGINAS IMPRESSAS.pdf;PÁGINAS IMPRESSAS.pdf;ocrmypdf;0.82;1;P2-PARCIAL;C:\Users\gabri\Desktop\PROJETO_PRODAM\PRODAM_DOCS\DETRAN_CONSOLIDADO\05_ACEITES\PÁGINAS IMPRESSAS.ocr.pdf;17.4;OK
C:\Users\gabri\Desktop\PROJETO_PRODAM\PRODAM_DOCS\DETRAN_CONSOLIDADO\03_FATURAS\TOTAIS PARA FATURAMENTO.pdf;TOTAIS PARA FATURAMENTO.pdf;ocrmypdf;0.8;1;P2-PARCIAL;C:\Users\gabri\Desktop\PROJETO_PRODAM\PRODAM_DOCS\DETRAN_CONSOLIDADO\03_FATURAS\TOTAIS PARA FATURAMENTO.ocr.pdf;19.8;OK
C:\Users\gabri\Desktop\PROJETO_PRODAM\PRODAM_DOCS\DETRAN_CONSOLIDADO\03_FATURAS\TOTAIS DE FATURAMENTO__27bf2526dc.pdf;TOTAIS DE FATURAMENTO__27bf2526dc.pdf;ocrmypdf;0.8;1;P2-PARCIAL;C:\Users\gabri\Desktop\PROJETO_PRODAM\PRODAM_DOCS\DETRAN_CONSOLIDADO\03_FATURAS\TOTAIS DE FATURAMENTO__27bf2526dc.ocr.pdf;20.6;OK
C:\Users\gabri\Desktop\PROJETO_PRODAM\PRODAM_DOCS\DETRAN_CONSOLIDADO\05_ACEITES\RELATÓRIO DE PÁGINAS IMPRESSAS.pdf;RELATÓRIO DE PÁGINAS IMPRESSAS.pdf;ocrmypdf;0.82;1;P2-PARCIAL;C:\Users\gabri\Desktop\PROJETO_PRODAM\PRODAM_DOCS\DETRAN_CONSOLIDADO\05_ACEITES\RELATÓRIO DE PÁGINAS IMPRESSAS.ocr.pdf;15.0;OK
C:\Users\gabri\Desktop\PROJETO_PRODAM\PRODAM_DOCS\DETRAN_CONSOLIDADO\05_ACEITES\RELATÓRIO__75d3b83529.pdf;RELATÓRIO__75d3b83529.pdf;ocrmypdf;0.8;1;P2-PARCIAL;C:\Users\gabri\Desktop\PROJETO_PRODAM\PRODAM_DOCS\DETRAN_CONSOLIDADO\05_ACEITES\RELATÓRIO__75d3b83529.ocr.pdf;31.9;OK
C:\Users\gabri\Desktop\PROJETO_PRODAM\PRODAM_DOCS\DETRAN_CONSOLIDADO\05_ACEITES\RELATÓRIO__61c8834f08.pdf;RELATÓRIO__61c8834f08.pdf;ocrmypdf;0.79;1;P2-PARCIAL;C:\Users\gabri\Desktop\PROJETO_PRODAM\PRODAM_DOCS\DETRAN_CONSOLIDADO\05_ACEITES\RELATÓRIO__61c8834f08.ocr.pdf;33.8;OK
C:\Users\gabri\Desktop\PROJETO_PRODAM\PRODAM_DOCS\DETRAN_CONSOLIDADO\08_PDFS_ORIGINAIS\CERTIDÃO NEGATIVA DE DÉBITOS - SEFAZ__83ac7bd797.pdf;CERTIDÃO NEGATIVA DE DÉBITOS - SEFAZ__83ac7bd797.pdf;ocrmypdf;0.82;1;P2-PARCIAL;C:\Users\gabri\Desktop\PROJETO_PRODAM\PRODAM_DOCS\DETRAN_CONSOLIDADO\08_PDFS_ORIGINAIS\CERTIDÃO NEGATIVA DE DÉBITOS - SEFAZ__83ac7bd797.ocr.pdf;18.4;OK
C:\Users\gabri\Desktop\PROJETO_PRODAM\PRODAM_DOCS\DETRAN_CONSOLIDADO\08_PDFS_ORIGINAIS\CERTIDÃO NEGATIVA DE DÉBITOS - SEFAZ__159aa39d45.pdf;CERTIDÃO NEGATIVA DE DÉBITOS - SEFAZ__159aa39d45.pdf;ocrmypdf;0.81;1;P2-PARCIAL;C:\Users\gabri\Desktop\PROJETO_PRODAM\PRODAM_DOCS\DETRAN_CONSOLIDADO\08_PDFS_ORIGINAIS\CERTIDÃO NEGATIVA DE DÉBITOS - SEFAZ__159aa39d45.ocr.pdf;20.1;OK
C:\Users\gabri\Desktop\PROJETO_PRODAM\PRODAM_DOCS\DETRAN_CONSOLIDADO\08_PDFS_ORIGINAIS\CERTIDÃO NEGATIVA DE DÉBITOS - SEFAZ.pdf;CERTIDÃO NEGATIVA DE DÉBITOS - SEFAZ.pdf;ocrmypdf;0.81;1;P2-PARCIAL;C:\Users\gabri\Desktop\PROJETO_PRODAM\PRODAM_DOCS\DETRAN_CONSOLIDADO\08_PDFS_ORIGINAIS\CERTIDÃO NEGATIVA DE DÉBITOS - SEFAZ.ocr.pdf;19.8;OK
C:\Users\gabri\Desktop\PROJETO_PRODAM\PRODAM_DOCS\DETRAN_CONSOLIDADO\08_PDFS_ORIGINAIS\CERTIDÃO NEGATIVA DE DÉBITOS DE TRIBUTOS MUNICIPAIS__76d25fe009.pdf;CERTIDÃO NEGATIVA DE DÉBITOS DE TRIBUTOS MUNICIPAIS__76d25fe009.pdf;ocrmypdf;0.88;1;P2-PARCIAL;C:\Users\gabri\Desktop\PROJETO_PRODAM\PRODAM_DOCS\DETRAN_CONSOLIDADO\08_PDFS_ORIGINAIS\CERTIDÃO NEGATIVA DE DÉBITOS DE TRIBUTOS MUNICIPAIS__76d25fe009.ocr.pdf;30.1;OK
C:\Users\gabri\Desktop\PROJETO_PRODAM\PRODAM_DOCS\DETRAN_CONSOLIDADO\08_PDFS_ORIGINAIS\CERTIDÃO NEGATIVA DE DÉBITOS MUNICPAIS - ISS.pdf;CERTIDÃO NEGATIVA DE DÉBITOS MUNICPAIS - ISS.pdf;ocrmypdf;0.88;1;P2-PARCIAL;C:\Users\gabri\Desktop\PROJETO_PRODAM\PRODAM_DOCS\DETRAN_CONSOLIDADO\08_PDFS_ORIGINAIS\CERTIDÃO NEGATIVA DE DÉBITOS MUNICPAIS - ISS.ocr.pdf;30.5;OK
C:\Users\gabri\Desktop\PROJETO_PRODAM\PRODAM_DOCS\DETRAN_CONSOLIDADO\08_PDFS_ORIGINAIS\CERTIDÃO NEGATIVA DE DÉBITOS RELATIVOS AOS TRIBUTOS FEDERAIS E À DÍVIDA ATIVA DA UNIÃO.pdf;CERTIDÃO NEGATIVA DE DÉBITOS RELATIVOS AOS TRIBUTOS FEDERAIS E À DÍVIDA ATIVA DA UNIÃO.pdf;ocrmypdf;0.87;1;P2-PARCIAL;C:\Users\gabri\Desktop\PROJETO_PRODAM\PRODAM_DOCS\DETRAN_CONSOLIDADO\08_PDFS_ORIGINAIS\CERTIDÃO NEGATIVA DE DÉBITOS RELATIVOS AOS TRIBUTOS FEDERAIS E À DÍVIDA ATIVA DA UNIÃO.ocr.pdf;23.1;OK
C:\Users\gabri\Desktop\PROJETO_PRODAM\PRODAM_DOCS\DETRAN_CONSOLIDADO\08_PDFS_ORIGINAIS\CERTIDÃO NEGATIVA DE DÉBITOS RELATIVOS AOS TRIBUTOS FEDERAIS E À DÍVIDA ATIVA DA UNIÃO__29cccc7830.pdf;CERTIDÃO NEGATIVA DE DÉBITOS RELATIVOS AOS TRIBUTOS FEDERAIS E À DÍVIDA ATIVA DA UNIÃO__29cccc7830.pdf;ocrmypdf;0.87;1;P2-PARCIAL;C:\Users\gabri\Desktop\PROJETO_PRODAM\PRODAM_DOCS\DETRAN_CONSOLIDADO\08_PDFS_ORIGINAIS\CERTIDÃO NEGATIVA DE DÉBITOS RELATIVOS AOS TRIBUTOS FEDERAIS E À DÍVIDA ATIVA DA UNIÃO__29cccc7830.ocr.pdf;20.7;OK
C:\Users\gabri\Desktop\PROJETO_PRODAM\PRODAM_DOCS\DETRAN_CONSOLIDADO\08_PDFS_ORIGINAIS\CERTIDÃO NEGATIVA DE DÉBITOS RELATIVOS AOS TRIBUTOS FEDERAIS E À DÍVIDA ATIVA DA UNIÃO__07f8494469.pdf;CERTIDÃO NEGATIVA DE DÉBITOS RELATIVOS AOS TRIBUTOS FEDERAIS E À DÍVIDA ATIVA DA UNIÃO__07f8494469.pdf;ocrmypdf;0.87;1;P2-PARCIAL;C:\Users\gabri\Desktop\PROJETO_PRODAM\PRODAM_DOCS\DETRAN_CONSOLIDADO\08_PDFS_ORIGINAIS\CERTIDÃO NEGATIVA DE DÉBITOS RELATIVOS AOS TRIBUTOS FEDERAIS E À DÍVIDA ATIVA DA UNIÃO__07f8494469.ocr.pdf;18.7;OK
C:\Users\gabri\Desktop\PROJETO_PRODAM\PRODAM_DOCS\DETRAN_CONSOLIDADO\08_PDFS_ORIGINAIS\CERTIDÃO NEGATIVA DE DÉBITOS DE TRIBUTOS MUNICIPAIS.pdf;CERTIDÃO NEGATIVA DE DÉBITOS DE TRIBUTOS MUNICIPAIS.pdf;ocrmypdf;0.88;1;P2-PARCIAL;C:\Users\gabri\Desktop\PROJETO_PRODAM\PRODAM_DOCS\DETRAN_CONSOLIDADO\08_PDFS_ORIGINAIS\CERTIDÃO NEGATIVA DE DÉBITOS DE TRIBUTOS MUNICIPAIS.ocr.pdf;28.1;OK
C:\Users\gabri\Desktop\PROJETO_PRODAM\PRODAM_DOCS\DETRAN_CONSOLIDADO\08_PDFS_ORIGINAIS\Certificado de Regularidade do FGTS - CRF__0ab927429b.pdf;Certificado de Regularidade do FGTS - CRF__0ab927429b.pdf;ocrmypdf;0.82;1;P2-PARCIAL;C:\Users\gabri\Desktop\PROJETO_PRODAM\PRODAM_DOCS\DETRAN_CONSOLIDADO\08_PDFS_ORIGINAIS\Certificado de Regularidade do FGTS - CRF__0ab927429b.ocr.pdf;18.8;OK
C:\Users\gabri\Desktop\PROJETO_PRODAM\PRODAM_DOCS\DETRAN_CONSOLIDADO\08_PDFS_ORIGINAIS\Certificado de Regularidade do FGTS - CRF__2b3320d014.pdf;Certificado de Regularidade do FGTS - CRF__2b3320d014.pdf;ocrmypdf;0.82;1;P2-PARCIAL;C:\Users\gabri\Desktop\PROJETO_PRODAM\PRODAM_DOCS\DETRAN_CONSOLIDADO\08_PDFS_ORIGINAIS\Certificado de Regularidade do FGTS - CRF__2b3320d014.ocr.pdf;17.5;OK
C:\Users\gabri\Desktop\PROJETO_PRODAM\PRODAM_DOCS\DETRAN_CONSOLIDADO\08_PDFS_ORIGINAIS\Certificado de Regularidade do FGTS - CRF.pdf;Certificado de Regularidade do FGTS - CRF.pdf;ocrmypdf;0.81;1;P2-PARCIAL;C:\Users\gabri\Desktop\PROJETO_PRODAM\PRODAM_DOCS\DETRAN_CONSOLIDADO\08_PDFS_ORIGINAIS\Certificado de Regularidade do FGTS - CRF.ocr.pdf;19.8;OK
